id,application_id,previous_status,new_status,changed_by,comments,created_at
0c897c2e-7efb-4041-a7e3-74aceee6d749,323d4c6d-5d86-42e8-b412-420dea3e39de,DRAFT,SUBMITTED,af99cf86-db61-482e-b874-9cb7241395a8,,2026-09-03 15:20:07.038521+00
168c540d-803e-434e-9e88-f82cb8424682,6e817a58-de65-425a-a93c-c560df09522a,DRAFT,SUBMITTED,bacc9b99-75e5-4eef-abc6-2f6b3a4fd1f8,,2026-09-30 17:21:14.648775+00
35ef3099-3577-496b-870f-ea79cc4436f1,5a01ff89-d047-4161-80ff-3ec6e6ebc6b4,DRAFT,SUBMITTED,526705f8-2121-4da8-9c52-3aabda29a31f,,2026-09-11 11:49:17.534223+00
397595a9-ce9e-42d2-ac3e-e53e671d9882,cae6b4f6-e7e8-4199-87c4-e88dbc703f98,DRAFT,SUBMITTED,79f4fda3-a464-49e3-a275-d1823dded2bb,,2026-09-12 21:16:08.87413+00
4adf7b51-8a69-4178-b84f-03a5cab24fb0,b14c476d-dcf4-4ee1-927b-61361480871f,DRAFT,SUBMITTED,a4947a4f-9a11-4aa0-acbc-15068acfa6c4,,2026-09-16 04:17:46.498955+00
665da37e-1588-4f82-bd7e-08fd66a4ed14,84e3ebcc-8602-484d-b2ab-c1101806ba34,DRAFT,SUBMITTED,3b35e1e1-3c71-43bb-9e56-4345a8f92a51,,2026-09-08 12:01:58.001356+00
6e825f0a-0384-4758-910e-60c521f7bd8c,ac75453a-6637-4e5b-99a5-2a9668818681,DRAFT,SUBMITTED,8dd78066-df22-48ff-a890-ddbd108dcd20,,2026-09-15 22:30:23.265702+00
7a6e6693-2223-4aea-943b-153f45033bce,525a4ba8-9412-4df1-8f2b-84562bf4ea44,DRAFT,SUBMITTED,0a504f93-e7b7-4dda-8369-cffddeffac75,,2026-09-10 19:22:51.70793+00
7bd9ac19-a739-4023-a932-cb2fdec40a08,7fe57f93-fd24-4ccd-a5e9-cf13097503c1,DRAFT,SUBMITTED,40007980-cadf-4827-ba04-7745a7849fad,,2026-09-15 18:13:49.093661+00
7f2f640f-947c-4210-bb98-d6c216dc2869,7308e392-97e7-477c-9a9c-929eacde3db1,DRAFT,SUBMITTED,44d8822c-d58b-4167-b0cd-ae93be164ea4,,2026-09-17 20:20:50.38775+00
82421e55-173b-4dde-a2b5-b4cefe039df7,0e0feaab-9004-4869-ad96-eb995201ca43,DRAFT,SUBMITTED,f8b9da3f-e660-4ac3-ba13-8d1b38b1815d,,2026-09-04 11:15:21.094625+00
85af3454-fbed-4f3f-b106-338d30a81741,34518417-9be0-4292-a174-dae71d11e7e8,DRAFT,SUBMITTED,704d5fad-5261-48b8-9d2a-423fa06e917c,,2026-09-15 15:32:49.400685+00
8adba717-c63d-4deb-be71-8ed7c8241f4d,c6ac6d12-a506-420b-b5c8-1524b6fc7720,DRAFT,SUBMITTED,f579f6f1-281c-4d22-b00c-273719cbbb26,,2026-09-23 16:39:27.556204+00
a07c2e18-c38f-425b-9bb3-32efca8d73fd,faaa1ff4-ac01-4ef0-a430-9fccce37061b,DRAFT,SUBMITTED,b392239e-ea40-4845-a0ae-00331bd4c192,,2026-09-14 16:21:56.245966+00
a4156109-6568-4ad9-95e4-6a60b748c971,acd2d124-3987-4cf0-a35d-c452836b9954,DRAFT,SUBMITTED,8ac7c95f-4d61-4c45-91b3-f722e3d2f04f,,2026-09-24 15:49:51.884373+00
a6a5999a-01f2-4dfc-bcdb-1bb637124f53,9497e203-3896-4dd2-865a-c502e902b8d3,DRAFT,SUBMITTED,f95d8365-d028-47ae-bf85-aa1b789e69c8,,2026-09-01 06:02:12.781057+00
aad6016e-9668-461c-99ed-d4141f048ff7,718b0c06-5859-414b-b269-30a2dd9c4768,DRAFT,SUBMITTED,57e460e5-5032-4a8a-bdc2-7511bc07fb17,,2026-09-13 12:48:10.14897+00
acf0c90e-8b07-4584-b183-41649e4a2a48,7c2e60c6-f8e2-48f0-bdb8-d0ed88292769,DRAFT,SUBMITTED,a7f200ac-82b9-4e65-8869-6201edc86b0b,,2026-09-14 13:44:37.470514+00
b04b37a9-ab3c-4d62-9971-e92dee9ea305,30941efe-b75d-4bb8-bb31-faa6b91e346f,DRAFT,SUBMITTED,78def931-06f0-4380-b208-314f89a67737,,2026-09-15 09:47:57.640068+00
d6b0314a-0605-491f-8707-9a3f8c1621db,feb73788-742c-4cab-9155-a75e7679b8b3,DRAFT,SUBMITTED,7f5bd244-6ed6-4fab-a5c4-a8d25fc2796b,,2026-09-15 19:21:37.878726+00
dffb114f-2687-4cae-afa2-22003b7759eb,2c915a62-2450-40f9-a27c-844300fc610a,DRAFT,SUBMITTED,dc4b5692-3b6b-4b1a-9fe6-64b3fa1f5a54,,2026-09-15 20:41:46.571385+00
e36ee4c1-46f0-4c6b-9ff3-ac07b1daa6e3,4dbbdb5e-5e8a-4a75-9055-c2b9e5bef429,DRAFT,SUBMITTED,48976295-240c-403a-a161-c521daaed85b,,2026-09-28 02:25:29.652694+00
ed873f7d-a743-4a2a-b09e-dc6db51f942d,16ab3a2e-8e18-415e-b7c9-efe617e6b1e8,DRAFT,SUBMITTED,feab08f1-0b96-4cd5-a333-2c7b75d37c98,,2026-10-04 14:52:21.278306+00
ef1dab2b-aae5-4fef-82d7-1027aa7ca040,68454b5a-900d-4a65-97c7-4c9e4f2ddfe6,DRAFT,SUBMITTED,084a3149-1819-4858-84d9-bc75cd637f36,,2026-09-23 18:33:16.536871+00
f80b5a9b-6baa-48f2-ba7c-89298f2ad29e,2142ab4b-07d6-4ecd-9181-3c6b595c8bdf,DRAFT,SUBMITTED,ffa5236d-dbfc-4cbd-bf33-33a756bcfe1f,,2026-09-17 18:08:20.077397+00