id,applicationId,documentType,storageKey,originalFileName,mimeType,fileSizeBytes,created_at
01360666-5e57-4a46-88ad-33c8fecd930a,68454b5a-900d-4a65-97c7-4c9e4f2ddfe6,COI_DOC,https://res.cloudinary.com/drhmiaj0r/image/upload/v1790187909/eso-documents/084a3149-1819-4858-84d9-bc75cd637f36/wfbgvqyf3b0vwtc42xzh.pdf,CONFLICT OF INTEREST DECLARATION.pdf,application/pdf,135121,2026-09-23 18:25:09.928+00
0149fd71-1ccd-4fa3-81fd-08e12aae8a14,8f82b2a1-f56c-4533-b174-979c54fc3172,DELIVERY_EVIDENCE,https://res.cloudinary.com/drhmiaj0r/image/upload/v1790091456/eso-documents/6e61c535-20a5-4371-affc-1e5126c40bce/aksycwxbvoh1p46tjpfx.jpg,DSC_0372.jpg,image/jpeg,3893289,2026-09-22 15:37:34.492+00
01a17d72-7761-43e6-b217-0f761add850d,254b2e39-9f1d-49e2-bf08-f10d1e3a0e99,DELIVERY_EVIDENCE,https://res.cloudinary.com/drhmiaj0r/image/upload/v1790327567/eso-documents/edd1d3d9-603d-49bf-ba46-1fb290f15b62/f2zcekeegdjydbki8osu.pdf,INDEMNITY-SOFT-TOKEN-GAPS.pdf,application/pdf,377321,2026-09-25 09:12:47.788+00
01f592ef-fb40-471e-91ee-76c9ca2b4293,6e817a58-de65-425a-a93c-c560df09522a,REGISTRATION_CERT,https://res.cloudinary.com/drhmiaj0r/image/upload/v1788456746/eso-documents/bacc9b99-75e5-4eef-abc6-2f6b3a4fd1f8/spg4avxt5ijiehb9d6lj.pdf,nhub cert of incorporation.pdf,application/pdf,728056,2026-09-03 17:32:25.697+00
046b532f-c3ae-4d5f-845c-ed9b754c069f,6f513ed6-8d50-4c80-becb-3c2a230d8ec4,TAX_CLEARANCE,https://res.cloudinary.com/drhmiaj0r/image/upload/v1788795209/eso-documents/984fc179-7631-445d-b6b3-d22defe6de41/mnsh20lpsh5izbzz2sip.pdf,CERTIFICATE - KOPSON GLOBAL LIMITED.pdf,application/pdf,921601,2026-09-07 15:33:29.723+00
04d427a4-655c-4dba-a5b0-3462b714e350,144f30c7-2e20-4b1a-b8d6-448fbc1f9aa3,ORGANOGRAM,https://res.cloudinary.com/drhmiaj0r/raw/upload/v1789228152/eso-documents/88ef43b8-049b-468b-95e1-4ee6eb55cfb5/t8ao4ckce5bxobuqcrn4.docx,CAD & GIS Center — Proposed Organogram.docx,application/vnd.openxmlformats-officedocument.wordprocessingml.document,16275,2026-09-12 15:49:13.523+00
04f69f0d-4ed0-461a-ad99-f10dcf5b9517,faaa1ff4-ac01-4ef0-a430-9fccce37061b,MANAGEMENT_CV,https://res.cloudinary.com/drhmiaj0r/raw/upload/v1789384946/eso-documents/b392239e-ea40-4845-a0ae-00331bd4c192/l6min8mf8muxfru2h3l3.docx,RAMAT UMAR.docx,application/vnd.openxmlformats-officedocument.wordprocessingml.document,31977,2026-09-14 11:22:24.059+00
05d3bfe7-b359-4346-a642-bababdc407cb,323d4c6d-5d86-42e8-b412-420dea3e39de,AUDITED_ACCOUNTS,https://res.cloudinary.com/drhmiaj0r/image/upload/v1788444873/eso-documents/af99cf86-db61-482e-b874-9cb7241395a8/qbyaplxu9ickmoxurdol.pdf,AI_Academy_Training_Plan.pdf,application/pdf,151795,2026-09-03 14:14:34.231+00
071bef43-73c3-40cf-ac37-7737652be566,f1cf4a11-632e-4028-bbe4-c8f7cd2ce95c,PRESENCE_EVIDENCE,https://res.cloudinary.com/drhmiaj0r/image/upload/v1788533781/eso-documents/520416fe-71f8-49e9-8a9b-77e9e62a7c06/ejfzcskm3duyfkclqywp.jpg,IMG_1493.jpeg,image/jpeg,241353,2026-09-04 15:00:16.12+00
0729a01d-3887-4544-bab9-5bf90e419d6a,ac75453a-6637-4e5b-99a5-2a9668818681,MANAGEMENT_CV,https://res.cloudinary.com/drhmiaj0r/image/upload/v1789507505/eso-documents/8dd78066-df22-48ff-a890-ddbd108dcd20/d3wt9zb2aexystrf7lih.pdf,IORWUESE TYOPEV_CV.pdf,application/pdf,174355,2026-09-15 21:24:56.988+00
07ee6bf7-2157-4eff-be66-73afe0e71e36,7308e392-97e7-477c-9a9c-929eacde3db1,ORGANOGRAM,https://res.cloudinary.com/drhmiaj0r/image/upload/v1788796122/eso-documents/44d8822c-d58b-4167-b0cd-ae93be164ea4/yme4kbcawifblbr5ptsl.png,Labspace Organogram.png,image/png,133253,2026-09-07 15:48:43.186+00
0c15e60b-0016-4bbd-b49a-f90b41fad62a,84e3ebcc-8602-484d-b2ab-c1101806ba34,PRESENCE_EVIDENCE,https://res.cloudinary.com/drhmiaj0r/image/upload/v1788793623/eso-documents/3b35e1e1-3c71-43bb-9e56-4345a8f92a51/yrjll8hfr27nde5b9ovs.jpg,WhatsApp Image 2026-09-07 at 4.06.45 PM.jpeg,image/jpeg,91980,2026-09-07 15:07:03.204+00
0da118d4-06ab-4bec-9d30-64859b854284,68454b5a-900d-4a65-97c7-4c9e4f2ddfe6,MANAGEMENT_CV,https://res.cloudinary.com/drhmiaj0r/image/upload/v1790184461/eso-documents/084a3149-1819-4858-84d9-bc75cd637f36/lt1yr1sgiqaj54ppowra.pdf,Copy of Resume(1).pdf,application/pdf,844859,2026-09-23 17:27:41.543+00
0f33c7b0-0a6e-4767-b5e4-73e1522ab139,2c915a62-2450-40f9-a27c-844300fc610a,MANAGEMENT_CV,https://res.cloudinary.com/drhmiaj0r/image/upload/v1789479164/eso-documents/dc4b5692-3b6b-4b1a-9fe6-64b3fa1f5a54/lbb9573omfimuw5fbexg.pdf,Ruth Samuel.pdf,application/pdf,50532,2026-09-15 13:32:44.375+00
0f708c77-1306-4909-829e-11c19f3c4a64,68454b5a-900d-4a65-97c7-4c9e4f2ddfe6,ORGANOGRAM,https://res.cloudinary.com/drhmiaj0r/image/upload/v1789131614/eso-documents/084a3149-1819-4858-84d9-bc75cd637f36/ncfc6lxree19azm2x03t.jpg,WhatsApp Image 2026-09-11 at 1.58.58 PM.jpeg,image/jpeg,118018,2026-09-11 13:00:17.121+00
100da3aa-22af-4b46-8fc2-b90ce79621fd,cae6b4f6-e7e8-4199-87c4-e88dbc703f98,MANAGEMENT_CV,https://res.cloudinary.com/drhmiaj0r/image/upload/v1789210953/eso-documents/79f4fda3-a464-49e3-a275-d1823dded2bb/dptg4ohwycstxyrjj8yj.pdf,ObiUMEGBOLU_CV2026e.pdf,application/pdf,137053,2026-09-12 11:02:35.351+00
1040d8ea-fdc1-472c-a8cb-c9ec0227e795,68454b5a-900d-4a65-97c7-4c9e4f2ddfe6,DELIVERY_EVIDENCE,https://res.cloudinary.com/drhmiaj0r/image/upload/v1790184910/eso-documents/084a3149-1819-4858-84d9-bc75cd637f36/dxfrtmqeqyamfkgc8gwq.pdf,Training Beneficiaries.pdf,application/pdf,442303,2026-09-23 17:35:10.36+00
104f7844-ed5e-4590-a91f-34cf9e4d9348,7c2e60c6-f8e2-48f0-bdb8-d0ed88292769,TAX_CLEARANCE,https://res.cloudinary.com/drhmiaj0r/image/upload/v1789067006/eso-documents/a7f200ac-82b9-4e65-8869-6201edc86b0b/zu43nrvu0vzcareyazeg.pdf,TAX Certificate.pdf,application/pdf,281072,2026-09-10 19:03:27.084+00
10772c86-5e3a-4602-98a1-ebd5d9299dc5,84e3ebcc-8602-484d-b2ab-c1101806ba34,REGISTRATION_CERT,https://res.cloudinary.com/drhmiaj0r/image/upload/v1788793510/eso-documents/3b35e1e1-3c71-43bb-9e56-4345a8f92a51/jspbutcysetxbdkcc7hn.pdf,CERTIFICATE - CORESTREAM NETWORK AND ROBOTICS LIMITED (4).pdf,application/pdf,921802,2026-09-07 15:05:10.759+00
115adb82-b2aa-44cf-b30f-fecb4b86119e,30941efe-b75d-4bb8-bb31-faa6b91e346f,REGISTRATION_CERT,https://res.cloudinary.com/drhmiaj0r/image/upload/v1788516201/eso-documents/78def931-06f0-4380-b208-314f89a67737/w6qsitoomdqswtpybwkj.pdf,CERTIFICATE - KOGI INNOVATION HUB LIMITED (1).pdf,application/pdf,292204,2026-09-04 10:03:20.691+00
1376da03-ff00-4166-972f-46528d279749,323d4c6d-5d86-42e8-b412-420dea3e39de,ORGANOGRAM,https://res.cloudinary.com/drhmiaj0r/image/upload/v1788444880/eso-documents/af99cf86-db61-482e-b874-9cb7241395a8/ak0mf6brdlqyfhvzzyd9.pdf,AI_Academy_Training_Plan.pdf,application/pdf,151795,2026-09-03 14:14:41.247+00
13a4454a-13b7-4c13-b335-12cb7901f62a,61683ae0-161b-406b-9bea-9f26a143332a,TAX_COMPLIANCE_EVIDENCE,https://res.cloudinary.com/drhmiaj0r/image/upload/v1788863806/eso-documents/7abfef71-b5be-47fb-bb1d-3cde7e8d88a9/a52zfqevfspl8thu0svp.pdf,Module_2_Part_1_ESO_Application_Portal_PRD.pdf,application/pdf,142014,2026-09-08 10:36:47.632+00
14757cfe-a71c-4443-a0c8-c32dd2eeb013,7c2e60c6-f8e2-48f0-bdb8-d0ed88292769,DELIVERY_EVIDENCE,https://res.cloudinary.com/drhmiaj0r/image/upload/v1789392196/eso-documents/a7f200ac-82b9-4e65-8869-6201edc86b0b/uqwnzgnzxjgvqvglxnxp.pdf,5 Hubs Report(1).pdf.pdf,application/pdf,9064840,2026-09-14 13:23:18.149+00
14edc33f-2321-4f9e-8c25-67d858af029b,84e3ebcc-8602-484d-b2ab-c1101806ba34,MANAGEMENT_CV,https://res.cloudinary.com/drhmiaj0r/image/upload/v1788865559/eso-documents/3b35e1e1-3c71-43bb-9e56-4345a8f92a51/f57nhhmzme4douqlbn1d.pdf,OKOLO CHIOMA Evaluation& Monitoring.pdf,application/pdf,108492,2026-09-08 11:05:59.259+00
1743734a-2cc0-43ba-99bb-e9c5f8536b48,84e3ebcc-8602-484d-b2ab-c1101806ba34,AUDITED_ACCOUNTS,https://res.cloudinary.com/drhmiaj0r/image/upload/v1788800332/eso-documents/3b35e1e1-3c71-43bb-9e56-4345a8f92a51/pcxkeljssd5upwznrcmr.pdf,Corestream_Bank_Statement_GTBankStyle_Jul2022_Apr2025 (2).pdf,application/pdf,1993733,2026-09-07 16:58:53.004+00
17fbf357-5154-43a0-90d0-f1281650d66c,c6ac6d12-a506-420b-b5c8-1524b6fc7720,TAX_COMPLIANCE_EVIDENCE,https://res.cloudinary.com/drhmiaj0r/image/upload/v1790180986/eso-documents/f579f6f1-281c-4d22-b00c-273719cbbb26/mimne7s7yvgxflmdzjz0.pdf,NBTE-TVET.pdf,application/pdf,467746,2026-09-23 16:29:47.202+00
18574c61-b7c5-4587-b206-acd1bd789afa,1ae42735-a762-4895-b7ce-86016a26c282,TAX_CLEARANCE,https://res.cloudinary.com/drhmiaj0r/image/upload/v1789483352/eso-documents/f3611440-62cd-4c27-bef4-77705331d06d/nkjx7yrlm9xmwd6mpd0g.jpg,17894832981955195888554397660348.jpg,image/jpeg,1478722,2026-09-15 14:42:32.771+00
190a0fe6-20fd-4692-b01e-e34e0be4af86,7fe57f93-fd24-4ccd-a5e9-cf13097503c1,ORGANOGRAM,https://res.cloudinary.com/drhmiaj0r/image/upload/v1789116584/eso-documents/40007980-cadf-4827-ba04-7745a7849fad/mjdefqxfesixfoqfcvcq.pdf,ORGANOGRAM OF BUGBAFU CONSULT LTD.pdf,application/pdf,14337,2026-09-11 08:49:57.161+00
19d7ff76-a756-41a6-9885-9647c596376a,5a01ff89-d047-4161-80ff-3ec6e6ebc6b4,MANAGEMENT_CV,https://res.cloudinary.com/drhmiaj0r/image/upload/v1788867554/eso-documents/526705f8-2121-4da8-9c52-3aabda29a31f/lgakywzvmp4vc2v0jh03.pdf,Joshua_Abel_Alhassan_Resume_B.D.pdf,application/pdf,101412,2026-09-08 11:39:14.894+00
1af4d731-b129-445e-bfc8-f8075d3bdffd,718b0c06-5859-414b-b269-30a2dd9c4768,ORGANOGRAM,https://res.cloudinary.com/drhmiaj0r/image/upload/v1789124225/eso-documents/57e460e5-5032-4a8a-bdc2-7511bc07fb17/iwmxeclkh6ek4eugykdv.pdf,Foundershub Organogramo.pdf,application/pdf,300861,2026-09-11 10:57:05.03+00
1f11656e-da42-472a-b8d9-1f0f7cbb8b02,8f82b2a1-f56c-4533-b174-979c54fc3172,TAX_COMPLIANCE_EVIDENCE,https://res.cloudinary.com/drhmiaj0r/image/upload/v1790091307/eso-documents/6e61c535-20a5-4371-affc-1e5126c40bce/i6d7z29aahhj6bkdzrpo.jpg,DSC_0230.jpg,image/jpeg,2749369,2026-09-22 15:35:05.706+00
1f9e60d7-719e-41b4-9825-6d15071c964e,2c915a62-2450-40f9-a27c-844300fc610a,MANAGEMENT_CV,https://res.cloudinary.com/drhmiaj0r/image/upload/v1789479185/eso-documents/dc4b5692-3b6b-4b1a-9fe6-64b3fa1f5a54/yz74hoslpcs6kdjrafvd.pdf,Faruq agbo.pdf,application/pdf,67269,2026-09-15 13:33:05.408+00
20b8b521-8d31-445d-b4c0-d099357f3df8,b14c476d-dcf4-4ee1-927b-61361480871f,PRESENCE_EVIDENCE,https://res.cloudinary.com/drhmiaj0r/image/upload/v1789513543/eso-documents/a4947a4f-9a11-4aa0-acbc-15068acfa6c4/me0rewyia5lrftrusruj.jpg,Founder's Networking Event 2 Aikperokha.jpeg,image/jpeg,1567968,2026-09-15 23:05:44.242+00
20d3e8f4-c5d2-4ba2-90ee-83f7d079daa1,cae6b4f6-e7e8-4199-87c4-e88dbc703f98,TAX_CLEARANCE,https://res.cloudinary.com/drhmiaj0r/image/upload/v1789210697/eso-documents/79f4fda3-a464-49e3-a275-d1823dded2bb/kyrn9b0jymgaexdugfhx.pdf,MOUNTMOVE TCC 2026_260912_115643.pdf,application/pdf,101942,2026-09-12 10:58:19.277+00
2145a001-d6d4-4fdb-91ca-29c47d36f637,faaa1ff4-ac01-4ef0-a430-9fccce37061b,INCUBATION_EVIDENCE,https://res.cloudinary.com/drhmiaj0r/raw/upload/v1789334796/eso-documents/b392239e-ea40-4845-a0ae-00331bd4c192/y4ugzdposhyx3fe9fzxs.docx,Report on Incubation experience.docx,application/vnd.openxmlformats-officedocument.wordprocessingml.document,5473483,2026-09-13 21:26:37.511+00
215f7464-98f2-4fa2-9e59-883e200db4de,525a4ba8-9412-4df1-8f2b-84562bf4ea44,MANAGEMENT_CV,https://res.cloudinary.com/drhmiaj0r/image/upload/v1788987050/eso-documents/0a504f93-e7b7-4dda-8369-cffddeffac75/qwevursqujfboq8iqjeo.pdf,ADEKE ABRAHAM TERHEMEN.pdf,application/pdf,87173,2026-09-09 20:50:52.529+00
23353421-3feb-4b34-a9ee-80dd9c1325f4,b14c476d-dcf4-4ee1-927b-61361480871f,AUDITED_ACCOUNTS,https://res.cloudinary.com/drhmiaj0r/image/upload/v1789526214/eso-documents/a4947a4f-9a11-4aa0-acbc-15068acfa6c4/z5rjgjb8bq9eth3ozuyo.pdf,Organogram AIKPEROKHA INNOVATION HUB LTD.pdf,application/pdf,67193,2026-09-16 02:36:54.75+00
2371abb2-38c0-456c-87b1-29e983593a15,6e16991d-6b63-4a88-84c6-c3f120a438ef,REGISTRATION_CERT,https://res.cloudinary.com/drhmiaj0r/image/upload/v1789135337/eso-documents/10c252df-1f1a-404d-bc51-019dbe21d179/vwx34plriowe65gdbw5e.pdf,nhub cert of incorporation (1).pdf,application/pdf,117355,2026-09-11 14:02:17.96+00
23811a26-c914-4d24-a0e4-0f085fe8e2e6,344fb1a4-ae93-4b88-b468-cf6831f097bb,PRESENCE_EVIDENCE,https://res.cloudinary.com/drhmiaj0r/image/upload/v1789213577/eso-documents/2db5feda-ea4c-414f-8ad7-932c3b995361/coyzkhzroqnphcfgtkcu.jpg,WhatsApp Image 2025-05-19 at 09.13.31_c23dd9b3.jpg,image/jpeg,592041,2026-09-12 11:46:18.488+00
245c1a87-00ce-4455-916e-145bb794011e,7fe57f93-fd24-4ccd-a5e9-cf13097503c1,MANAGEMENT_CV,https://res.cloudinary.com/drhmiaj0r/image/upload/v1789219354/eso-documents/40007980-cadf-4827-ba04-7745a7849fad/tjosp1lq8xm02actzv3s.pdf,Taofeek Yusuf's CV-1.pdf,application/pdf,258723,2026-09-12 13:22:36.05+00
25cf4231-37eb-4e41-8ff7-52c406ea232f,1e069119-757d-4a74-b1a2-02d0237fab89,REGISTRATION_CERT,https://res.cloudinary.com/drhmiaj0r/image/upload/v1788865988/eso-documents/71f29769-15b7-48ca-b7dc-5e60e1bf9a0e/n5toulewmjltj9e6siqk.pdf,CAC.pdf,application/pdf,116936,2026-09-08 11:13:10.023+00
25ea5d2e-8554-4794-99cd-fa4cd06b0140,ac75453a-6637-4e5b-99a5-2a9668818681,MANAGEMENT_CV,https://res.cloudinary.com/drhmiaj0r/image/upload/v1789507540/eso-documents/8dd78066-df22-48ff-a890-ddbd108dcd20/mqprulblgapis6wmzle1.pdf,CV - Adzufeh Steven Adzufeh.pdf,application/pdf,169870,2026-09-15 21:25:32.317+00
2663d5f1-ccc0-4d09-a705-46189a078ce2,faaa1ff4-ac01-4ef0-a430-9fccce37061b,REGISTRATION_CERT,https://res.cloudinary.com/drhmiaj0r/image/upload/v1788954773/eso-documents/b392239e-ea40-4845-a0ae-00331bd4c192/z2iemyggxo0m2jkdpxyi.pdf,Codextel Ltd - Certificate of Incorporation.pdf,application/pdf,711881,2026-09-09 11:52:50.36+00
2692564b-ca1c-429e-bcf4-592979853c04,ac75453a-6637-4e5b-99a5-2a9668818681,AUDITED_ACCOUNTS,https://res.cloudinary.com/drhmiaj0r/image/upload/v1789500395/eso-documents/8dd78066-df22-48ff-a890-ddbd108dcd20/ws7b2zsusu3drfxyaedt.pdf,ZEVSJ LIMITED 2025.pdf,application/pdf,443436,2026-09-15 19:26:27.461+00
27255f02-53ab-4cf2-8844-cb9435f9679d,2142ab4b-07d6-4ecd-9181-3c6b595c8bdf,TAX_CLEARANCE,https://res.cloudinary.com/drhmiaj0r/image/upload/v1789559801/eso-documents/ffa5236d-dbfc-4cbd-bf33-33a756bcfe1f/lvua94xwkrm9tqh1mcxh.pdf,tax_clearance - 2026-02-20T142216.628.pdf,application/pdf,177885,2026-09-16 11:56:40.801+00
273f7068-54c0-467d-9289-e0147e6d755c,254b2e39-9f1d-49e2-bf08-f10d1e3a0e99,REGISTRATION_CERT,https://res.cloudinary.com/drhmiaj0r/image/upload/v1790326749/eso-documents/edd1d3d9-603d-49bf-ba46-1fb290f15b62/sjsvpkyhfirvqkzuufpq.pdf,INDEMNITY-SOFT-TOKEN-GAPS.pdf,application/pdf,377321,2026-09-25 08:59:09.517+00
278767af-7f16-4545-8ea3-fa5a20f13cf9,7c2e60c6-f8e2-48f0-bdb8-d0ed88292769,REGISTRATION_CERT,https://res.cloudinary.com/drhmiaj0r/image/upload/v1789066732/eso-documents/a7f200ac-82b9-4e65-8869-6201edc86b0b/vkhzkmwgjozvp3rpkujo.pdf,Complete CAC Document.pdf,application/pdf,1173754,2026-09-10 18:58:53.413+00
27b2bfa8-125f-4acf-872d-d637cfb47a5b,ac75453a-6637-4e5b-99a5-2a9668818681,INCUBATION_EVIDENCE,https://res.cloudinary.com/drhmiaj0r/image/upload/v1789511407/eso-documents/8dd78066-df22-48ff-a890-ddbd108dcd20/czukpjvlhyunvrisrxep.pdf,EVIDENCE OF INCUBATION & ACCELERATION Update.pdf,application/pdf,2096880,2026-09-15 22:29:59.975+00
290bda3c-c933-43ae-bed6-9193e07d2e78,7fe57f93-fd24-4ccd-a5e9-cf13097503c1,PRESENCE_EVIDENCE,https://res.cloudinary.com/drhmiaj0r/image/upload/v1789495839/eso-documents/40007980-cadf-4827-ba04-7745a7849fad/hwsfdcja04mlfdfuywtg.pdf,Evidence of Operational Base in Niger and Kogi.pdf,application/pdf,732885,2026-09-15 18:10:44.602+00
2b0fd7b3-41bd-40a8-9b55-09fd1574e191,16ab3a2e-8e18-415e-b7c9-efe617e6b1e8,ORGANOGRAM,https://res.cloudinary.com/drhmiaj0r/image/upload/v1791121402/eso-documents/feab08f1-0b96-4cd5-a333-2c7b75d37c98/jzmug91ghkssq0xuopie.pdf,Organogram.pdf,application/pdf,1124056,2026-10-04 13:43:24.686+00
2bc67d20-43ff-4113-b929-681af151a3ff,6e817a58-de65-425a-a93c-c560df09522a,AUDITED_ACCOUNTS,https://res.cloudinary.com/drhmiaj0r/raw/upload/v1790685285/eso-documents/bacc9b99-75e5-4eef-abc6-2f6b3a4fd1f8/bhkmocpyvodaiulb5h6n.docx,NHUB INCUBATOR AND ACCELERATOR LTD 2024 (1).docx,application/vnd.openxmlformats-officedocument.wordprocessingml.document,342373,2026-09-29 12:34:43.401+00
2be740eb-6f25-4edf-903d-7ee1736f6dba,b14c476d-dcf4-4ee1-927b-61361480871f,TAX_CLEARANCE,https://res.cloudinary.com/drhmiaj0r/image/upload/v1789526285/eso-documents/a4947a4f-9a11-4aa0-acbc-15068acfa6c4/phcjs2iiclaxqaeoopyo.pdf,CERTIFICATE -  AIKPEROKHA INNOVATION HUB LTD  - Copy.pdf,application/pdf,921542,2026-09-16 02:38:06.448+00
2c2c515d-aab5-415a-8be2-fe540be10a34,84e3ebcc-8602-484d-b2ab-c1101806ba34,ORGANOGRAM,https://res.cloudinary.com/drhmiaj0r/image/upload/v1788865198/eso-documents/3b35e1e1-3c71-43bb-9e56-4345a8f92a51/tx8tatcuwybgxyqc4mxz.pdf,Corestream Organogram & Team Structure.pdf,application/pdf,151610,2026-09-08 10:59:59.467+00
2cd568b4-9ee4-4e5f-88c7-21c37a64ad47,8f82b2a1-f56c-4533-b174-979c54fc3172,PRESENCE_EVIDENCE,https://res.cloudinary.com/drhmiaj0r/image/upload/v1790091341/eso-documents/6e61c535-20a5-4371-affc-1e5126c40bce/smq4tzm1qhpiepepf35q.png,ll.png,image/png,404706,2026-09-22 15:35:39.593+00
2df4dfc7-2675-4dec-b187-cb4952687b89,6e817a58-de65-425a-a93c-c560df09522a,MANAGEMENT_CV,https://res.cloudinary.com/drhmiaj0r/image/upload/v1790717514/eso-documents/bacc9b99-75e5-4eef-abc6-2f6b3a4fd1f8/qqhzchnygxtdt4vpol8n.pdf,Shuiabu Zuwaira cv.pdf.pdf,application/pdf,156952,2026-09-29 21:31:52.838+00
2e3ebfc6-733b-4de7-9fdf-f81a9ca75bb1,7308e392-97e7-477c-9a9c-929eacde3db1,DELIVERY_EVIDENCE,https://res.cloudinary.com/drhmiaj0r/image/upload/v1789640110/eso-documents/44d8822c-d58b-4167-b0cd-ae93be164ea4/caabi5k0s16qolfpsxu5.pdf,Evidence of incubation _ acceleration (1).pdf,application/pdf,641032,2026-09-17 10:15:11.768+00
2eb065e3-65dd-438b-846b-c52bcf098695,2db0ff67-1b4e-4c3c-8dd1-87dd08def1e9,PRESENCE_EVIDENCE,https://res.cloudinary.com/drhmiaj0r/image/upload/v1789477086/eso-documents/1fb7bfd2-71de-4e4f-884f-d090072a9ac7/wdn60ryb91qqwodug44x.jpg,1efeefa2-24a7-4390-b92d-4c0f4b0c5ad1.jpeg,image/jpeg,450775,2026-09-15 12:58:07.052+00
2f245cdd-183f-4c81-b2df-99d92a81eece,4dbbdb5e-5e8a-4a75-9055-c2b9e5bef429,ORGANOGRAM,https://res.cloudinary.com/drhmiaj0r/image/upload/v1789221520/eso-documents/48976295-240c-403a-a161-c521daaed85b/k8vs7j3dbdoxor2g8zz0.png,COMPANY ORGANOGRAM.png,image/png,345230,2026-09-12 13:58:41.045+00
2f563297-d01b-4e2e-a84d-71e53504a6c0,0e0feaab-9004-4869-ad96-eb995201ca43,MANAGEMENT_CV,https://res.cloudinary.com/drhmiaj0r/image/upload/v1788512230/eso-documents/f8b9da3f-e660-4ac3-ba13-8d1b38b1815d/mp0ynuymjguhlzfqmdxo.pdf,Goodnews Akwaowo CV June 2026.pdf,application/pdf,124846,2026-09-04 08:57:11.662+00
300caa15-4302-452a-abbc-18f0e0bf78ef,323d4c6d-5d86-42e8-b412-420dea3e39de,DELIVERY_EVIDENCE,https://res.cloudinary.com/drhmiaj0r/image/upload/v1788444918/eso-documents/af99cf86-db61-482e-b874-9cb7241395a8/drowi4j78jgiymyezeln.pdf,AI_Academy_Training_Plan.pdf,application/pdf,151795,2026-09-03 14:15:19.417+00
3018ea17-2df3-4ab6-aa5c-6a549ae34d5f,4dbbdb5e-5e8a-4a75-9055-c2b9e5bef429,AUDITED_ACCOUNTS,https://res.cloudinary.com/drhmiaj0r/image/upload/v1789221710/eso-documents/48976295-240c-403a-a161-c521daaed85b/pykxezelcyowtvewv6rc.pdf,EngeeEco_Financial statement.pdf,application/pdf,325690,2026-09-12 14:01:50.475+00
30bf241d-3407-4171-9f6d-d607fd8a9b1a,b14c476d-dcf4-4ee1-927b-61361480871f,COI_DOC,https://res.cloudinary.com/drhmiaj0r/image/upload/v1789532103/eso-documents/a4947a4f-9a11-4aa0-acbc-15068acfa6c4/qacapehfzlealdxpe3qf.pdf,CONFLICT OF INTEREST DECLARATION AIK HUB.pdf,application/pdf,793735,2026-09-16 04:15:04.475+00
31d5c5d8-f2ea-4574-b2c4-578baaa9cd31,144f30c7-2e20-4b1a-b8d6-448fbc1f9aa3,MANAGEMENT_CV,https://res.cloudinary.com/drhmiaj0r/image/upload/v1789460601/eso-documents/88ef43b8-049b-468b-95e1-4ee6eb55cfb5/pjcvgh1ry8d0e7fx90lr.pdf,AGBO SUNDAY CV 2024 edited.pdf,application/pdf,269058,2026-09-15 08:23:22.987+00
3276748d-031a-48b8-b9c8-8d953731dd7f,84e3ebcc-8602-484d-b2ab-c1101806ba34,MANAGEMENT_CV,https://res.cloudinary.com/drhmiaj0r/image/upload/v1788865500/eso-documents/3b35e1e1-3c71-43bb-9e56-4345a8f92a51/tzgcmvaf3cw6irkqymfl.pdf,Uwashili Uche Hilary Professional CV.pdf,application/pdf,516569,2026-09-08 11:05:00.325+00
329f63a9-77b8-4774-bc20-49c0b69465c8,6e817a58-de65-425a-a93c-c560df09522a,MANAGEMENT_CV,https://res.cloudinary.com/drhmiaj0r/image/upload/v1790716236/eso-documents/bacc9b99-75e5-4eef-abc6-2f6b3a4fd1f8/pm2bl9c1zzgfrjiyahzl.pdf,Bashir Sheidu CV .pdf,application/pdf,350682,2026-09-29 21:10:34.916+00
32ea4bc3-5f95-490d-b1a8-b078ee7ef0b2,34518417-9be0-4292-a174-dae71d11e7e8,INCUBATION_EVIDENCE,https://res.cloudinary.com/drhmiaj0r/image/upload/v1789485888/eso-documents/704d5fad-5261-48b8-9d2a-423fa06e917c/gq4szticgc43gojfruge.pdf,Document 9.pdf,application/pdf,293306,2026-09-15 15:24:51.112+00
32fb7a6e-072f-4dce-b6ff-c32a0b178ea0,acd2d124-3987-4cf0-a35d-c452836b9954,COI_DOC,https://res.cloudinary.com/drhmiaj0r/image/upload/v1790264975/eso-documents/8ac7c95f-4d61-4c45-91b3-f722e3d2f04f/v8bz1ir8pgplp2fv70ny.pdf,ajol-file-journals_633_articles_259794_65603499be101.pdf,application/pdf,108690,2026-09-24 15:49:36.251+00
35066051-d3ee-4e8b-820a-afd841f71e99,ac75453a-6637-4e5b-99a5-2a9668818681,MANAGEMENT_CV,https://res.cloudinary.com/drhmiaj0r/image/upload/v1789507534/eso-documents/8dd78066-df22-48ff-a890-ddbd108dcd20/z11ksculx4k5ucr6q3jy.pdf,Rachael Ngodoo Paul (Resume).pdf,application/pdf,217562,2026-09-15 21:25:26.173+00
350f8e89-3d0b-4f74-a3ba-aff62f5b71f9,ac75453a-6637-4e5b-99a5-2a9668818681,DELIVERY_EVIDENCE,https://res.cloudinary.com/drhmiaj0r/image/upload/v1789509067/eso-documents/8dd78066-df22-48ff-a890-ddbd108dcd20/uztdpr7y1xz1crgmn3nl.pdf,Training Photos.pdf,application/pdf,5974356,2026-09-15 21:50:59.206+00
388fd302-848c-49da-8a48-1df2b6465d4a,6f513ed6-8d50-4c80-becb-3c2a230d8ec4,REGISTRATION_CERT,https://res.cloudinary.com/drhmiaj0r/image/upload/v1788795022/eso-documents/984fc179-7631-445d-b6b3-d22defe6de41/bvujjuieoeaxm0bkyfjs.pdf,CERTIFICATE - KOPSON GLOBAL LIMITED.pdf,application/pdf,921601,2026-09-07 15:30:23.077+00
38ad9c98-6f05-430d-9366-5e1980ba958a,16ab3a2e-8e18-415e-b7c9-efe617e6b1e8,PRESENCE_EVIDENCE,https://res.cloudinary.com/drhmiaj0r/image/upload/v1791121227/eso-documents/feab08f1-0b96-4cd5-a333-2c7b75d37c98/whrutklqocyxy8q9m01d.pdf,Evidence of operational presence.pdf,application/pdf,2602538,2026-10-04 13:40:28.328+00
3924d93e-8cbf-46e5-ab3e-422e4ac82877,323d4c6d-5d86-42e8-b412-420dea3e39de,MANAGEMENT_CV,https://res.cloudinary.com/drhmiaj0r/image/upload/v1788444884/eso-documents/af99cf86-db61-482e-b874-9cb7241395a8/lraireefga0pafeshwn3.pdf,AI_Academy_Training_Plan.pdf,application/pdf,151795,2026-09-03 14:14:45.385+00
3abdc208-70f7-4860-9477-6fbfbc25ae43,ac75453a-6637-4e5b-99a5-2a9668818681,TAX_COMPLIANCE_EVIDENCE,https://res.cloudinary.com/drhmiaj0r/image/upload/v1789500497/eso-documents/8dd78066-df22-48ff-a890-ddbd108dcd20/ff2k2nm6fqt6jpid1hya.jpg,1788683433559.JPG,image/jpeg,185987,2026-09-15 19:28:09.032+00
3c834889-9da5-4752-9cef-270bb679df55,61683ae0-161b-406b-9bea-9f26a143332a,TAX_CLEARANCE,https://res.cloudinary.com/drhmiaj0r/image/upload/v1788863801/eso-documents/7abfef71-b5be-47fb-bb1d-3cde7e8d88a9/i6ozyfxqanqomtxv8ctu.pdf,Module_2_Part_1_ESO_Application_Portal_PRD.pdf,application/pdf,142014,2026-09-08 10:36:41.952+00
3e02e9ec-dc76-4b94-80d2-e6804654ec23,34518417-9be0-4292-a174-dae71d11e7e8,MANAGEMENT_CV,https://res.cloudinary.com/drhmiaj0r/image/upload/v1789482483/eso-documents/704d5fad-5261-48b8-9d2a-423fa06e917c/vxcyiy9apn60up9qhiuu.pdf,Gogetit profile.pdf,application/pdf,2263663,2026-09-15 14:28:04.642+00
3e0ef42b-4efb-4376-9cf8-2ff11bd196ed,16ab3a2e-8e18-415e-b7c9-efe617e6b1e8,MANAGEMENT_CV,https://res.cloudinary.com/drhmiaj0r/image/upload/v1791122337/eso-documents/feab08f1-0b96-4cd5-a333-2c7b75d37c98/gt45abxln6ong5otfy6f.pdf,Adebola Oladipo.pdf,application/pdf,94750,2026-10-04 13:58:58.685+00
3e6e80a3-2cef-4a43-852e-90f5a74b0cc7,2c915a62-2450-40f9-a27c-844300fc610a,MANAGEMENT_CV,https://res.cloudinary.com/drhmiaj0r/image/upload/v1789478696/eso-documents/dc4b5692-3b6b-4b1a-9fe6-64b3fa1f5a54/cqvcwm3ghso1vtd7kyqd.pdf,Professional CV - Tasiu Kwaplong Saeed.pdf,application/pdf,90560,2026-09-15 13:24:55.942+00
3e6f4f38-4e45-4c7e-9aec-b14f86522d9d,7fe57f93-fd24-4ccd-a5e9-cf13097503c1,MANAGEMENT_CV,https://res.cloudinary.com/drhmiaj0r/image/upload/v1789489116/eso-documents/40007980-cadf-4827-ba04-7745a7849fad/eos7blrbzp3gezf67vky.pdf,Toluwase Olaniyan_Fellowship Resume.pdf,application/pdf,101340,2026-09-15 16:19:13.422+00
407f99f9-942a-4f9b-9c1e-daad0a6129f4,2831e7f0-4ab1-423f-abf8-0fe27f5945d9,AUDITED_ACCOUNTS,https://res.cloudinary.com/drhmiaj0r/image/upload/v1789480175/eso-documents/34fb5a2e-279a-4724-a4f9-317c1a162785/fwdtbte5ycgslbmikcfz.pdf,SWYEF AUDITED REPORT.pdf,application/pdf,2453695,2026-09-15 13:49:39.894+00
40990a94-9a45-4223-8c04-b4089035ac1b,b14c476d-dcf4-4ee1-927b-61361480871f,REGISTRATION_CERT,https://res.cloudinary.com/drhmiaj0r/image/upload/v1789513346/eso-documents/a4947a4f-9a11-4aa0-acbc-15068acfa6c4/xyobrszfoxc5innasp3i.pdf,CERTIFICATE -  AIKPEROKHA INNOVATION HUB LTD  - Copy.pdf,application/pdf,921542,2026-09-15 23:02:26.699+00
4130d7fb-c5ef-47e4-9f58-3a6708a200ed,6e817a58-de65-425a-a93c-c560df09522a,ORGANOGRAM,https://res.cloudinary.com/drhmiaj0r/raw/upload/v1790691263/eso-documents/bacc9b99-75e5-4eef-abc6-2f6b3a4fd1f8/ahwnhdm2vpfthvvj84rv.docx,nHub Professional Organogram.docx,application/vnd.openxmlformats-officedocument.wordprocessingml.document,31061,2026-09-29 14:14:20.457+00
416a3caa-1d9f-4c87-b7fd-cc6d84344207,7c2e60c6-f8e2-48f0-bdb8-d0ed88292769,ORGANOGRAM,https://res.cloudinary.com/drhmiaj0r/image/upload/v1789067060/eso-documents/a7f200ac-82b9-4e65-8869-6201edc86b0b/tydoiw2ctvkocijspzj9.pdf,Organogram for Growth 2.0.pdf,application/pdf,122669,2026-09-10 19:04:20.924+00
41abcba5-030e-4f0f-877f-497ff044e87d,b14c476d-dcf4-4ee1-927b-61361480871f,MANAGEMENT_CV,https://res.cloudinary.com/drhmiaj0r/image/upload/v1789526036/eso-documents/a4947a4f-9a11-4aa0-acbc-15068acfa6c4/l9t07dzilg9m7zasa5yx.pdf,THOMPSON ABIOLA Resume Sep.pdf,application/pdf,87137,2026-09-16 02:33:56.972+00
4216d32a-ce3b-4d6c-bada-7652629e08f3,cae6b4f6-e7e8-4199-87c4-e88dbc703f98,AUDITED_ACCOUNTS,https://res.cloudinary.com/drhmiaj0r/image/upload/v1789210855/eso-documents/79f4fda3-a464-49e3-a275-d1823dded2bb/crhgii3unfvnn4fflszt.pdf,MOUNTMOVE GLOBAL LTD 2025_260912_115945.pdf,application/pdf,1660322,2026-09-12 11:00:56.924+00
42ae0844-a1e5-4907-9b8b-33e2635beeff,feb73788-742c-4cab-9155-a75e7679b8b3,AUDITED_ACCOUNTS,https://res.cloudinary.com/drhmiaj0r/image/upload/v1789481664/eso-documents/7f5bd244-6ed6-4fab-a5c4-a8d25fc2796b/f9rbiv1yadfz1psdwxgh.pdf,GMI 2025 AUDITED FINANCIAL REPORT.pdf,application/pdf,1300888,2026-09-15 14:10:47.398+00
43428082-fed1-426e-898a-854dabfd0d0e,c6ac6d12-a506-420b-b5c8-1524b6fc7720,REGISTRATION_CERT,https://res.cloudinary.com/drhmiaj0r/image/upload/v1790170394/eso-documents/f579f6f1-281c-4d22-b00c-273719cbbb26/ilnxpfjt1u80aobzm3sw.pdf,EGO Foundation- CAC (1) (1).pdf,application/pdf,91009,2026-09-23 13:33:28.325+00
475ac955-789b-4b34-bde2-87f2abf07884,84e3ebcc-8602-484d-b2ab-c1101806ba34,INCUBATION_EVIDENCE,https://res.cloudinary.com/drhmiaj0r/image/upload/v1788868729/eso-documents/3b35e1e1-3c71-43bb-9e56-4345a8f92a51/nwhpryqx13xn5yzcfmhc.pdf,Corestream Evidence of Programme Delivery.pdf,application/pdf,3537054,2026-09-08 11:58:50.016+00
4a58f118-7c69-42b3-a699-755fe3d8fa1e,525a4ba8-9412-4df1-8f2b-84562bf4ea44,ORGANOGRAM,https://res.cloudinary.com/drhmiaj0r/image/upload/v1788966829/eso-documents/0a504f93-e7b7-4dda-8369-cffddeffac75/xxmz2ciavcqqprthnjpt.jpg,0rganogram.JPG,image/jpeg,58915,2026-09-09 15:13:47.722+00
4a773ce9-fcf2-409b-af1f-6133bb37afaf,61683ae0-161b-406b-9bea-9f26a143332a,COI_DOC,https://res.cloudinary.com/drhmiaj0r/image/upload/v1788864507/eso-documents/7abfef71-b5be-47fb-bb1d-3cde7e8d88a9/vhpkxeujodz95l9heezz.pdf,Module_2_Part_1_ESO_Application_Portal_PRD.pdf,application/pdf,142014,2026-09-08 10:48:28.506+00
4b04728e-3c2c-4508-9cb0-67d647e244fb,68454b5a-900d-4a65-97c7-4c9e4f2ddfe6,REGISTRATION_CERT,https://res.cloudinary.com/drhmiaj0r/image/upload/v1789110902/eso-documents/084a3149-1819-4858-84d9-bc75cd637f36/bpmenb9pflcfwqnfssfa.pdf,OPOLO - Certificate of Incorporation.pdf,application/pdf,478878,2026-09-11 07:15:05.618+00
4b705396-4fd3-499b-ac0e-805bc412bf62,9497e203-3896-4dd2-865a-c502e902b8d3,PRESENCE_EVIDENCE,https://res.cloudinary.com/drhmiaj0r/image/upload/v1788242187/eso-documents/f95d8365-d028-47ae-bf85-aa1b789e69c8/uykiofr449cs0heiuoo6.pdf,1001-AbdulRasheed-Saka (1).pdf,application/pdf,69008,2026-09-01 05:56:27.207+00
4c8a860e-8908-4d38-bc49-d19ee233aa08,8f82b2a1-f56c-4533-b174-979c54fc3172,REGISTRATION_CERT,https://res.cloudinary.com/drhmiaj0r/image/upload/v1790091181/eso-documents/6e61c535-20a5-4371-affc-1e5126c40bce/nmyxy14q5dj05wpwvsxu.png,Screenshot_20260913-120621.png,image/png,1061503,2026-09-22 15:32:59.858+00
4cd506cd-5ad4-41a1-8773-320db50bd446,16ab3a2e-8e18-415e-b7c9-efe617e6b1e8,COI_DOC,https://res.cloudinary.com/drhmiaj0r/image/upload/v1790701896/eso-documents/feab08f1-0b96-4cd5-a333-2c7b75d37c98/gxylbbnnm6fl70w95dcr.pdf,IIH.pdf,application/pdf,8948,2026-09-29 17:11:38.221+00
4cf1af93-626a-427d-a5e2-eb7e40c63bbc,8f82b2a1-f56c-4533-b174-979c54fc3172,COI_DOC,https://res.cloudinary.com/drhmiaj0r/image/upload/v1790091865/eso-documents/6e61c535-20a5-4371-affc-1e5126c40bce/wtxpncxk9c0mt2z9h765.jpg,IMG-20250905-WA0014.jpg,image/jpeg,193606,2026-09-22 15:44:24.097+00
4e1f5915-a919-493a-91b8-80d68158aa9b,7308e392-97e7-477c-9a9c-929eacde3db1,MANAGEMENT_CV,https://res.cloudinary.com/drhmiaj0r/image/upload/v1788793804/eso-documents/44d8822c-d58b-4167-b0cd-ae93be164ea4/jxr5nl5o4l1iljxkcgw8.pdf,Fatima M Ibrahim CV 2026 (LSP) (1).pdf,application/pdf,75779,2026-09-07 15:10:04.212+00
4e2907ec-e930-4c63-a97f-84ec5487c757,faaa1ff4-ac01-4ef0-a430-9fccce37061b,AUDITED_ACCOUNTS,https://res.cloudinary.com/drhmiaj0r/image/upload/v1789139154/eso-documents/b392239e-ea40-4845-a0ae-00331bd4c192/ttsycsf2pxlltn7gkcyq.pdf,Codextel Limited Annual Report (1).pdf,application/pdf,3882233,2026-09-11 15:05:53.752+00
4eca8795-6aa3-45b7-a573-9a4766ffb997,cae6b4f6-e7e8-4199-87c4-e88dbc703f98,INCUBATION_EVIDENCE,https://res.cloudinary.com/drhmiaj0r/image/upload/v1789247284/eso-documents/79f4fda3-a464-49e3-a275-d1823dded2bb/zk854j9s2df6xrofjumv.pdf,Evidence of incubation-acceleration - Mountmove.pdf,application/pdf,720574,2026-09-12 21:08:05.556+00
4f1955ba-8564-41fe-9749-a4d6b88a8ac6,4dbbdb5e-5e8a-4a75-9055-c2b9e5bef429,MANAGEMENT_CV,https://res.cloudinary.com/drhmiaj0r/image/upload/v1789221568/eso-documents/48976295-240c-403a-a161-c521daaed85b/lezeyzfikj2p6zca9x8e.pdf,Grace CV.pdf,application/pdf,205512,2026-09-12 13:59:28.883+00
51dcb036-4916-407b-a3d9-1df1ee820fdc,feb73788-742c-4cab-9155-a75e7679b8b3,REGISTRATION_CERT,https://res.cloudinary.com/drhmiaj0r/image/upload/v1789480335/eso-documents/7f5bd244-6ed6-4fab-a5c4-a8d25fc2796b/zp9keaysq6dt34fueiog.pdf,CERTIFICATE - Glowing Minds Initiative For Human Development  (1) (1).pdf,application/pdf,998958,2026-09-15 13:48:38.163+00
537efdea-20e7-4d35-ab18-3ad5e9bc415e,323d4c6d-5d86-42e8-b412-420dea3e39de,TAX_COMPLIANCE_EVIDENCE,https://res.cloudinary.com/drhmiaj0r/image/upload/v1788444867/eso-documents/af99cf86-db61-482e-b874-9cb7241395a8/vlroe1lzx4oywvzhjaij.pdf,AI_Academy_Training_Plan.pdf,application/pdf,151795,2026-09-03 14:14:28.805+00
