id,applicationId,fullName,relationship,organisationName,phoneNumber,email,verified,created_at
0bc05f28-67ee-49ea-a3f1-cc502d148c30,c6ac6d12-a506-420b-b5c8-1524b6fc7720,Happiness Emordi,svjjf,,09027704122,emordibridget442@gmail.com,false,2026-09-11 08:50:38.734645+00
2035d27a-6b44-46d9-91c9-db59581b8dcd,61683ae0-161b-406b-9bea-9f26a143332a,"Mr, Robinson Jack",Owner,,070647584756,meetRobinson@gmail.com,false,2026-09-08 10:56:34.777019+00
20573a17-e549-43e0-81ff-73f3cf894fa9,0e0feaab-9004-4869-ad96-eb995201ca43,Mary Nguveren Igbazua​,Partner,,08147074873,mary.igbazua@gmail.com,false,2026-09-04 11:15:17.576267+00
2667be4e-2739-4143-a15f-a49e94fd7d93,9497e203-3896-4dd2-865a-c502e902b8d3,Salami olawale,partner,,08070984920,olawalesalami@gmail.com,false,2026-09-01 06:01:56.435766+00
2b7d302d-f766-44a2-a11d-7e266983f545,c6ac6d12-a506-420b-b5c8-1524b6fc7720,Happiness Emordi,usufvy,,09027704122,emordibridget442@gmail.com,false,2026-09-11 08:50:38.734645+00
2d82f2c4-ac2c-410a-a002-23d88ea1c442,9497e203-3896-4dd2-865a-c502e902b8d3,Oluwatobi Salami,founder,,09019613810,salamitobimi@gmail.com,false,2026-09-01 06:01:56.435766+00
3e845fc9-ca2d-4ed9-b827-fc2e7cf070c2,323d4c6d-5d86-42e8-b412-420dea3e39de,Chimdindu Uzowulu,,,09030428141,chimdindu73@gmail.com,false,2026-09-03 15:19:51.376689+00
5cbe4fec-a128-4b3d-a212-381be2297d42,84e3ebcc-8602-484d-b2ab-c1101806ba34,Mrs Yop Sitdang,Client,,0803 680 3586,wunika2.ys@gmail.com,false,2026-09-08 12:01:53.144361+00
68a4258d-8f45-4c8d-8fa7-a67b85211bb2,525a4ba8-9412-4df1-8f2b-84562bf4ea44,NITDA,Partner,,+2348 168 401 851,info@nitda.gov.ng,false,2026-09-10 19:21:57.209492+00
785f5619-c17e-4e72-a785-e95862139f48,5a01ff89-d047-4161-80ff-3ec6e6ebc6b4,Omachoko Arome,Former Funder,,07052233287,a.omachoko@3mtt.fmcide.gov.ng,false,2026-09-11 11:48:57.45818+00
7d3aecd6-348c-44d4-8b73-6b7fce081eb0,0e0feaab-9004-4869-ad96-eb995201ca43,Ikenna Chukwuma,Funder,,09079179112,ikenna.chukwuma@atcnigeria.ng,false,2026-09-04 11:15:17.576267+00
7e342cb9-1cac-437c-960e-efd77b62d673,c6ac6d12-a506-420b-b5c8-1524b6fc7720,Happiness Emordi,svjjf,,09027704122,emordibridget442@gmail.com,false,2026-09-11 08:50:34.827126+00
8081ab78-99f3-4950-a001-f41300dfc3d6,5a01ff89-d047-4161-80ff-3ec6e6ebc6b4,Maimuna Yusuf Ahmad,Former Funder,,08033973905,ed@isnhubs.org,false,2026-09-11 11:48:57.45818+00
84f55640-74b1-417d-896f-dd2078eb7835,323d4c6d-5d86-42e8-b412-420dea3e39de,Chimdi,jjjj,,09030428141,chimdindu73@gmail.com,false,2026-09-03 15:19:51.376689+00
8b3bdc99-e8a4-44e8-b165-355aeaf0bc55,84e3ebcc-8602-484d-b2ab-c1101806ba34,Engr. Dominc Datong (DG PICTDA),Partner,,+234 818 883 4354,datong.gwaman@plateaustate.gov.ng,false,2026-09-08 12:01:53.144361+00
8d328e81-e7da-4e9d-b2d7-f68a9dde40ab,61683ae0-161b-406b-9bea-9f26a143332a,"Dr, James Julius",Former Professor,,08076545732,jj@gmail.com,false,2026-09-08 10:56:34.777019+00
8e4008f8-3080-4ab1-babd-f8a22bb22e10,c6ac6d12-a506-420b-b5c8-1524b6fc7720,jedvdjfggv,vjd,,09027704122,emordibridget442@gmail.com,false,2026-09-11 08:50:38.734645+00
a112238f-b61c-4f91-83dc-f5369aca0ce3,5a01ff89-d047-4161-80ff-3ec6e6ebc6b4,Mike Ameh,Partner,,08064765156,mikekwuby@gmail.com,false,2026-09-11 11:48:57.45818+00
ae0e9b1d-31ff-4711-b8a2-7c4b171ba03d,61683ae0-161b-406b-9bea-9f26a143332a,Mr OJO james,"Client, Partner",,0807777722,ojoj@gmail.com,false,2026-09-08 10:56:34.777019+00
b10470bb-e452-4afd-a3ea-6e2ab524ac6d,323d4c6d-5d86-42e8-b412-420dea3e39de,alvari john,mmm,,803401722,alvarij60@gmail.com,false,2026-09-03 15:19:51.376689+00
c26b5ead-d020-4afd-b43f-7bca87b52d22,4dbbdb5e-5e8a-4a75-9055-c2b9e5bef429,Ocholi Esther,Program Partner,,0813 217 7007,ocholie48@gmail.com,false,2026-09-12 16:17:20.756293+00
c2d990c4-b620-4ba7-9cba-03b8fc9c01cf,c6ac6d12-a506-420b-b5c8-1524b6fc7720,jedvdjfggv,vjd,,09027704122,emordibridget442@gmail.com,false,2026-09-11 08:50:38.734053+00
d0e98277-89e0-4635-a288-160d72dc978f,9497e203-3896-4dd2-865a-c502e902b8d3,wurola samuel,former funder,,09019613810,samraola@gmail.com,false,2026-09-01 06:01:56.435766+00
d141ce80-0521-4b6c-a44b-e1445d3a699c,84e3ebcc-8602-484d-b2ab-c1101806ba34,Engr Mustapha Ibrahim,Funder,,+234 903 392 3639,mustapha@roadrunner.africa,false,2026-09-08 12:01:53.144361+00
d24bf952-d235-4d01-aa14-f7ddaa5e5581,4dbbdb5e-5e8a-4a75-9055-c2b9e5bef429,Rofiyat Olaleye,Mentor,,0813 887 7293,olaleyerofiyat@gmail.com,false,2026-09-12 16:17:20.756293+00
d5d92707-c8ee-4bd5-90f7-fd92ace4539e,c6ac6d12-a506-420b-b5c8-1524b6fc7720,jedvdjfggv,vjd,,09027704122,emordibridget442@gmail.com,false,2026-09-11 08:50:34.827126+00
d921d19e-8e2e-4c4e-97ee-1fce81e469f8,c6ac6d12-a506-420b-b5c8-1524b6fc7720,Happiness Emordi,svjjf,,09027704122,emordibridget442@gmail.com,false,2026-09-11 08:50:38.734053+00
dc6a856c-6f2c-4eee-b636-be0550b34f62,525a4ba8-9412-4df1-8f2b-84562bf4ea44,3MTT,Partner,,tvet.support@education.gov.ng,tvet.support@education.gov.ng,false,2026-09-10 19:21:57.209492+00
e16fc085-e999-422b-b4a5-ffb11dc1536e,525a4ba8-9412-4df1-8f2b-84562bf4ea44,Manian CSB,Business Partner,,+1(860)466-9635,Manian@stratzian.com,false,2026-09-10 19:21:57.209492+00
e25a238f-c245-4f21-a833-e5dfb890a6cb,4dbbdb5e-5e8a-4a75-9055-c2b9e5bef429,Adefarati Ayodele,Program Coordinator,,07033159270,ayodeleadefarati51@gmail.com,false,2026-09-12 16:17:20.756293+00
e9e776f6-5d58-4e75-b922-a9bf1390cfcd,c6ac6d12-a506-420b-b5c8-1524b6fc7720,Happiness Emordi,usufvy,,09027704122,emordibridget442@gmail.com,false,2026-09-11 08:50:38.734053+00
fc13f884-41bd-45de-a3d6-af3283a05437,0e0feaab-9004-4869-ad96-eb995201ca43,Funmilayo Caulcrick,Funder,,08108333123,funmilayo@afrilabs.com,false,2026-09-04 11:15:17.576267+00
fe0e6c25-6f1a-4a28-adde-e7eed6e5e9ba,c6ac6d12-a506-420b-b5c8-1524b6fc7720,Happiness Emordi,usufvy,,09027704122,emordibridget442@gmail.com,false,2026-09-11 08:50:34.827126+00
