id,application_id,file_name,total_size,uploaded_bytes,status,created_at,updated_at
03dc30d3-9d1a-4852-a7eb-8da2782bd96a,5a01ff89-d047-4161-80ff-3ec6e6ebc6b4,Mentor-Box Audited Account 2025.pdf,479709,479709,Completed,2026-09-10 19:34:24.90159+00,2026-09-10 19:34:28.631857+00
03e569e8-e5b9-46c7-88ea-0d66bf982699,61683ae0-161b-406b-9bea-9f26a143332a,Module_2_Part_1_ESO_Application_Portal_PRD.pdf,142014,0,Uploading,2026-09-08 10:34:55.216945+00,2026-09-08 10:34:55.216945+00
05b4cd78-ba49-49c4-ae7f-7f8ed8bce2e1,5a01ff89-d047-4161-80ff-3ec6e6ebc6b4,CAC_Certificate_240918_163012 (2).pdf,921403,921403,Completed,2026-09-04 12:14:42.425723+00,2026-09-04 12:14:46.808106+00
081e109e-c7a5-430d-9ef5-0b6f7ed586e5,7308e392-97e7-477c-9a9c-929eacde3db1,Fatima M Ibrahim CV 2026 (LSP) (1).pdf,75779,75779,Completed,2026-09-07 15:10:04.377508+00,2026-09-07 15:10:04.986859+00
08e62279-34db-4828-b52a-98bfba28b888,5a01ff89-d047-4161-80ff-3ec6e6ebc6b4,MBF Report - 2024-2025.pdf,4043994,4043994,Completed,2026-09-11 10:29:20.005054+00,2026-09-11 10:29:24.394641+00
08fed256-715f-4db1-a52c-5c1311aff431,7308e392-97e7-477c-9a9c-929eacde3db1,Transaction Receipt-260820090100024170784673.pdf,72470,72470,Completed,2026-09-03 16:32:55.658157+00,2026-09-03 16:32:59.556911+00
10e11e6d-963f-4705-ae25-12893235fa8e,7308e392-97e7-477c-9a9c-929eacde3db1,African Management Institute (AMI) - GreenRISE_Nigeria_RFP.pdf,295845,295845,Completed,2026-09-07 15:49:49.824897+00,2026-09-07 15:49:52.708076+00
11053424-33f0-48da-bb06-bb126c4c78a9,c6ac6d12-a506-420b-b5c8-1524b6fc7720,image (1).png,645630,645630,Completed,2026-09-11 08:27:32.331144+00,2026-09-11 08:27:35.647725+00
11d3fc14-8ab9-4c69-9c1a-32aa59e3967d,faaa1ff4-ac01-4ef0-a430-9fccce37061b,Codextel Limited Annual Report (1).pdf,3882233,0,Uploading,2026-09-11 13:36:34.512601+00,2026-09-11 13:36:34.512601+00
11f57bee-b07a-4d3d-80a4-f4334c41187d,718b0c06-5859-414b-b269-30a2dd9c4768,Founders Hub Integrated Limited 2025 AFS_signed.pdf,1039771,1039771,Completed,2026-09-11 10:29:55.809355+00,2026-09-11 10:29:59.974181+00
12648a27-c346-4d2e-a0f1-d18cb6965a05,4c6e6722-cb14-44d8-b1a2-bfe653ee27d2,CERTIFICATE -  BLOCKFUSE LABS LTD .pdf,921554,921554,Completed,2026-09-11 13:57:18.110724+00,2026-09-11 13:57:25.040148+00
17431aec-18b6-4cae-95cc-9cb2e4ac5f9b,61683ae0-161b-406b-9bea-9f26a143332a,Module_2_Part_1_ESO_Application_Portal_PRD.pdf,142014,142014,Completed,2026-09-08 10:36:58.323748+00,2026-09-08 10:36:59.445776+00
174a13a9-0b12-4423-9e69-857acd634bc7,525a4ba8-9412-4df1-8f2b-84562bf4ea44,0rganogram.JPG,58915,58915,Completed,2026-09-09 15:13:48.599888+00,2026-09-09 15:13:50.235909+00
1764162e-dc17-4de4-aeea-e3f24acfe6c4,61683ae0-161b-406b-9bea-9f26a143332a,Module_2_Part_1_ESO_Application_Portal_PRD.pdf,142014,142014,Completed,2026-09-08 10:36:53.118514+00,2026-09-08 10:36:54.159997+00
19df4299-12d5-4968-946b-c0580c783b91,144f30c7-2e20-4b1a-b8d6-448fbc1f9aa3,CAC_page-0001.jpg,503328,503328,Completed,2026-09-08 13:49:10.68839+00,2026-09-08 13:49:14.225852+00
1c0297fb-5c60-44a8-ad63-f055b1419413,9497e203-3896-4dd2-865a-c502e902b8d3,1001-AbdulRasheed-Saka (1).pdf,69008,69008,Completed,2026-09-01 05:57:06.682187+00,2026-09-01 05:57:08.259129+00
1c0c62d8-f150-42a4-89db-b4aa0033a648,f1cf4a11-632e-4028-bbe4-c8f7cd2ce95c,IMG_1493.jpeg,241353,241353,Completed,2026-09-04 14:56:19.285658+00,2026-09-04 14:56:22.429672+00
1d4a5a2b-97e2-40e0-88a3-53d041eb1c09,61683ae0-161b-406b-9bea-9f26a143332a,Module_2_Part_1_ESO_Application_Portal_PRD.pdf,142014,142014,Completed,2026-09-08 10:36:46.515253+00,2026-09-08 10:36:48.256881+00
1db55935-d54d-4de8-a9b3-f898b0915ebf,7c2e60c6-f8e2-48f0-bdb8-d0ed88292769,BLACK ACCELERATE LIMITED - STATEMENT OF PROFIT OR LOSS AND OTHER COMPREHENSIVE INCOME 2025.pdf,190975,190975,Completed,2026-09-10 19:03:56.231472+00,2026-09-10 19:04:01.981198+00
21ab8617-9655-4217-aec1-cbc39f0f7f02,68454b5a-900d-4a65-97c7-4c9e4f2ddfe6,WhatsApp Image 2026-09-11 at 1.58.58 PM.jpeg,118018,118018,Completed,2026-09-11 13:00:13.367491+00,2026-09-11 13:00:15.276313+00
222424fe-d9dc-4e08-8fd6-39e09a05775d,5a01ff89-d047-4161-80ff-3ec6e6ebc6b4,Compressed MENTOR-BOX FOUNDATION 2025 (ALEX) BIDDING (1).pdf,479709,479709,Completed,2026-09-10 19:33:15.464193+00,2026-09-10 19:33:21.145452+00
231817d9-6ea7-410b-96e5-fa776e1ff44a,5a01ff89-d047-4161-80ff-3ec6e6ebc6b4,CAC_Certificate_240918_163012 (2).pdf,921403,921403,Completed,2026-09-04 12:56:11.974078+00,2026-09-04 12:56:15.447489+00
238eede9-9756-449d-b1de-7ec140f63af6,7308e392-97e7-477c-9a9c-929eacde3db1,Curriculum Vitae - Abdulkadir Suleiman  (2).pdf,129516,129516,Completed,2026-09-07 15:09:17.696844+00,2026-09-07 15:09:19.808869+00
252751e3-e7b2-45f6-89fa-3e2961950914,c1a701b2-a087-42a6-89db-b1d4e75a2710,IMG_2008.jpeg,5144629,5144629,Completed,2026-09-09 13:55:30.273686+00,2026-09-09 13:55:35.442058+00
2a52d12b-7cc6-4bef-8301-9c17b3de430a,84e3ebcc-8602-484d-b2ab-c1101806ba34,Corestream_Bank_Statement_GTBankStyle_Jul2022_Apr2025 (2).pdf,1993733,1993733,Completed,2026-09-07 16:58:48.496376+00,2026-09-07 16:58:53.403233+00
2c4e88cb-2d4a-4d09-ba64-b0e127d8b03f,323d4c6d-5d86-42e8-b412-420dea3e39de,AI_Academy_Training_Plan.pdf,151795,151795,Completed,2026-09-03 14:14:40.002375+00,2026-09-03 14:14:41.618933+00
2e919170-dc28-405a-b022-4ce62ee99f27,5a01ff89-d047-4161-80ff-3ec6e6ebc6b4,CAC_Certificate_240918_163012 (2).pdf,921403,921403,Completed,2026-09-04 12:58:45.951617+00,2026-09-04 12:58:47.259467+00
2ef5a8f1-b53a-4f3f-a0a0-f1723b6a9870,68454b5a-900d-4a65-97c7-4c9e4f2ddfe6,OPOLO GLOBAL INNOVATION LIMITED 2024 FY - Financial statements - IFRS_signed.pdf,509165,509165,Failed,2026-09-11 14:24:42.018549+00,2026-09-11 14:24:46.72155+00
2f84f012-ff7c-4430-9e51-f01001ff85a2,4dbbdb5e-5e8a-4a75-9055-c2b9e5bef429,EngeeEco_Financial statement.pdf,325690,325690,Completed,2026-09-12 14:01:48.467477+00,2026-09-12 14:01:50.970542+00
2fade322-dc29-4db5-a68a-26edafa75b8f,4dbbdb5e-5e8a-4a75-9055-c2b9e5bef429,COMPANY ORGANOGRAM.png,345230,345230,Completed,2026-09-12 13:58:39.102341+00,2026-09-12 13:58:41.557125+00
300a78fd-29da-4cd3-9495-9cdb5112372d,718b0c06-5859-414b-b269-30a2dd9c4768,Nepa bill ilorin.jpeg,56590,56590,Completed,2026-09-11 09:42:56.529846+00,2026-09-11 09:42:57.55496+00
31af2a85-673e-4d1c-8ca5-bc75fe12fc76,faaa1ff4-ac01-4ef0-a430-9fccce37061b,Codextel Limited Organogram.docx,28279,28279,Completed,2026-09-11 17:44:56.548779+00,2026-09-11 17:44:57.514186+00
34fcd157-9584-4ea2-a426-00891f43b533,faaa1ff4-ac01-4ef0-a430-9fccce37061b,Emmanuel Ebimoh - CV.docx,19138,19138,Completed,2026-09-11 18:40:32.324765+00,2026-09-11 18:40:33.724462+00
35c58678-8fd6-4836-8b7b-664a09ed0cae,6f513ed6-8d50-4c80-becb-3c2a230d8ec4,CERTIFICATE - KOPSON GLOBAL LIMITED.pdf,921601,921601,Completed,2026-09-12 10:53:14.702911+00,2026-09-12 10:53:17.225554+00
35fe523e-03b1-417b-a2f0-687af8b8bb62,cae6b4f6-e7e8-4199-87c4-e88dbc703f98,ObiUMEGBOLU_CV2026e.pdf,137053,137053,Completed,2026-09-12 11:02:33.486061+00,2026-09-12 11:02:34.178217+00
361ea23c-e837-461b-a7e0-51bd4d62e6e7,c6ac6d12-a506-420b-b5c8-1524b6fc7720,image (1).png,645630,645630,Completed,2026-09-11 07:59:37.476734+00,2026-09-11 07:59:40.410591+00
38015074-ddae-4193-beef-2add4234e7fe,525a4ba8-9412-4df1-8f2b-84562bf4ea44,ISHAYA ZHANTIM ZHAKOM -- CV.pdf,225316,225316,Completed,2026-09-09 20:48:44.067581+00,2026-09-09 20:48:47.332668+00
3a9a46ce-7c0d-4f6e-9f1e-3a78dd36b6e2,8263cbde-349a-44e1-b837-6f008c1e1021,CSED CAC Certificate.pdf,316392,316392,Completed,2026-09-04 12:15:37.368903+00,2026-09-04 12:15:39.53568+00
3b0b7f54-ebdc-4e8b-89ae-1e6c3bf6d625,4dbbdb5e-5e8a-4a75-9055-c2b9e5bef429,COMPANY REGISTRATION.pdf,1280216,1280216,Completed,2026-09-12 13:40:57.370122+00,2026-09-12 13:41:09.128578+00
3b50d1ef-c906-43e9-86c9-ef84d282f1d7,1e069119-757d-4a74-b1a2-02d0237fab89,CAC.pdf,116936,116936,Completed,2026-09-08 11:13:06.633696+00,2026-09-08 11:13:09.854161+00
3c73332d-a20d-4c09-b915-917fee88ce3e,5a01ff89-d047-4161-80ff-3ec6e6ebc6b4,Eunice_Emmanuel-Agada_CV_.docx,14334,14334,Completed,2026-09-08 11:39:02.621476+00,2026-09-08 11:39:04.085088+00
3f5483f5-e433-48f6-9bdf-5c4a71730f80,7c2e60c6-f8e2-48f0-bdb8-d0ed88292769,Complete CAC Document.pdf,1173754,1173754,Completed,2026-09-10 18:58:49.294801+00,2026-09-10 18:58:53.723251+00
407ff7a1-0669-4074-9ecd-b0831590fe10,718b0c06-5859-414b-b269-30a2dd9c4768,IMG-20260911-WA0011.jpg,377746,377746,Completed,2026-09-11 09:23:57.728033+00,2026-09-11 09:23:59.526327+00
4356dca0-9093-4ee2-bec4-5531c3d0951e,40bb8bfa-f790-4650-9abb-4d0d220508ce,changeofname_certificate (5) (3).pdf,921404,921404,Completed,2026-09-09 16:49:23.272757+00,2026-09-09 16:49:33.454912+00
43bf948e-a1f3-49ff-a1db-7d7570b21e8f,344fb1a4-ae93-4b88-b468-cf6831f097bb,WhatsApp Image 2025-05-19 at 09.13.31_c23dd9b3.jpg,592041,592041,Completed,2026-09-12 11:46:16.492906+00,2026-09-12 11:46:18.791214+00
43e6cc70-b325-471a-8eb8-ef089f32e8ea,c6ac6d12-a506-420b-b5c8-1524b6fc7720,image (1).png,645630,645630,Completed,2026-09-11 08:26:49.856926+00,2026-09-11 08:26:55.34727+00
4663d40d-dbf3-47d0-95fa-a26a33df234a,c6ac6d12-a506-420b-b5c8-1524b6fc7720,image (1).png,645630,645630,Completed,2026-09-11 08:27:20.996271+00,2026-09-11 08:27:26.598305+00
47607472-4ce2-474c-ba99-cdcb85c7868c,344fb1a4-ae93-4b88-b468-cf6831f097bb,CAC.pdf,474260,474260,Completed,2026-09-12 11:23:12.749899+00,2026-09-12 11:23:14.859132+00
485249a9-7b26-4735-b5d6-5d47d71fd295,7c2e60c6-f8e2-48f0-bdb8-d0ed88292769,TAX Certificate.pdf,281072,281072,Completed,2026-09-10 19:03:25.064245+00,2026-09-10 19:03:27.415775+00
4951c5c1-c9c6-4a0b-9b3a-220820932f6a,cae6b4f6-e7e8-4199-87c4-e88dbc703f98,MOUNTMOVE TCC 2026_260912_115643.pdf,101942,101942,Completed,2026-09-12 10:58:17.232249+00,2026-09-12 10:58:18.113135+00
4962b07c-dbfe-41b3-bebb-0dc66e26e0ce,c6ac6d12-a506-420b-b5c8-1524b6fc7720,image (1).png,645630,645630,Completed,2026-09-11 08:26:17.481951+00,2026-09-11 08:26:20.534793+00
4b542de6-9607-4bae-aadb-61635b630bbf,84e3ebcc-8602-484d-b2ab-c1101806ba34,Walshak Timothy Apollos - CV.pdf,33490,33490,Completed,2026-09-08 11:29:30.055465+00,2026-09-08 11:29:31.077223+00
4c0c0571-7170-41ac-8c87-5a1a1bc98d65,5a01ff89-d047-4161-80ff-3ec6e6ebc6b4,CAC_Certificate_240918_163012 (2).pdf,921403,921403,Completed,2026-09-04 12:57:27.218137+00,2026-09-04 12:57:28.445195+00
4c426f19-8abd-40cd-86a4-668446885b2a,6f513ed6-8d50-4c80-becb-3c2a230d8ec4,Stamp Duty Certificate - 2026-1803-40152-59976.pdf,405706,405706,Completed,2026-09-07 15:32:51.124764+00,2026-09-07 15:32:52.619335+00
4e093503-bc9e-4d73-bde2-f38c1a29a53b,7fe57f93-fd24-4ccd-a5e9-cf13097503c1,ABDULLAHI SULEIMAN ERENA CURRICULUM VITAE.pdf,200164,200164,Completed,2026-09-12 13:22:10.517158+00,2026-09-12 13:22:13.186296+00
5100766a-4d6d-4a4d-b2e7-cd39370d8eaa,84e3ebcc-8602-484d-b2ab-c1101806ba34,CERTIFICATE - CORESTREAM NETWORK AND ROBOTICS LIMITED (4).pdf,921802,921802,Completed,2026-09-07 15:05:07.593988+00,2026-09-07 15:05:11.392484+00
51adf80b-5112-4f0c-a665-bfff958cdb08,cae6b4f6-e7e8-4199-87c4-e88dbc703f98,WhatsApp Image 2026-09-12 at 11.51.15.jpeg,158777,158777,Completed,2026-09-12 10:53:08.323619+00,2026-09-12 10:53:09.482092+00
51e876e0-f5b5-4578-8ee8-f89f5ffc4c90,8263cbde-349a-44e1-b837-6f008c1e1021,IMG-20260713-WA0021.jpg,47564,47564,Completed,2026-09-04 12:18:44.674599+00,2026-09-04 12:18:45.83965+00
521ec453-970a-4a37-8b0c-b17f1133e06d,84e3ebcc-8602-484d-b2ab-c1101806ba34,Corestream Evidence of Programme Delivery.pdf,3537054,3537054,Completed,2026-09-08 11:58:37.627732+00,2026-09-08 11:58:50.85756+00
5238da59-1c59-42c6-ad76-3a51ed985a78,5a01ff89-d047-4161-80ff-3ec6e6ebc6b4,Anda Usman Product Manager CV.pdf,108579,108579,Completed,2026-09-08 11:39:31.528827+00,2026-09-08 11:39:32.577062+00
52d662b0-446a-4685-9ab7-604a1faaed44,323d4c6d-5d86-42e8-b412-420dea3e39de,AI_Academy_Training_Plan.pdf,151795,151795,Completed,2026-09-03 14:14:27.328887+00,2026-09-03 14:14:29.215469+00
542b0651-920b-4973-8eb5-4a42d9440848,0e0feaab-9004-4869-ad96-eb995201ca43,ADAH JENNIFER _ CURRICULUM VITAE .pdf,139182,139182,Completed,2026-09-04 09:33:39.248408+00,2026-09-04 09:33:40.674153+00
542fbe86-8e87-486e-ad1e-721bd113a26e,5a01ff89-d047-4161-80ff-3ec6e6ebc6b4,CAC_Certificate_240918_163012 (2).pdf,921403,921403,Completed,2026-09-04 12:56:20.722787+00,2026-09-04 12:56:22.034549+00
5486845c-5781-4510-8443-e133fad02ee6,7fe57f93-fd24-4ccd-a5e9-cf13097503c1,BGF CAC DOC .pdf,724506,724506,Completed,2026-09-11 08:04:02.057672+00,2026-09-11 08:04:04.481708+00
548c4bde-921e-4f60-b1a7-975078080dde,4dbbdb5e-5e8a-4a75-9055-c2b9e5bef429,Tax Clearance Certificate.pdf,78305,78305,Completed,2026-09-12 13:57:59.562025+00,2026-09-12 13:58:01.415249+00
54f3b378-72d8-4191-bf15-dc2e3b6df6be,61683ae0-161b-406b-9bea-9f26a143332a,Module_2_Part_1_ESO_Application_Portal_PRD.pdf,142014,142014,Completed,2026-09-08 10:47:06.328752+00,2026-09-08 10:47:09.819882+00
55a95f85-bdcd-44a9-8748-cd1fe59f3c81,faaa1ff4-ac01-4ef0-a430-9fccce37061b,CODEXTEL_TAX CLEARANCE.pdf,78122,78122,Completed,2026-09-11 16:09:02.539645+00,2026-09-11 16:09:03.411624+00
56c38966-0b7f-4cb8-a0f4-5c8e9e54c839,144f30c7-2e20-4b1a-b8d6-448fbc1f9aa3,783608441_122156881550407251_7182280894951159483_n.jpg,114640,114640,Completed,2026-09-09 14:31:22.914554+00,2026-09-09 14:31:23.602075+00
57c63e2c-6457-450a-84ca-fbe2021edeb7,7fe57f93-fd24-4ccd-a5e9-cf13097503c1,ORGANOGRAM OF BUGBAFU CONSULT LTD.pdf,14337,14337,Completed,2026-09-11 08:49:44.070201+00,2026-09-11 08:49:45.563327+00
592e679f-6eef-49a5-88d3-b585c18baa1a,c6ac6d12-a506-420b-b5c8-1524b6fc7720,image (1).png,645630,645630,Completed,2026-09-11 08:49:19.42515+00,2026-09-11 08:49:24.039217+00
5a08ad10-44d8-42b7-b375-7f2358b1eaf9,30941efe-b75d-4bb8-bb31-faa6b91e346f,CERTIFICATE - KOGI INNOVATION HUB LIMITED (1).pdf,292204,292204,Completed,2026-09-04 10:03:17.937155+00,2026-09-04 10:03:23.582487+00
5f38e53c-cf6e-4dfe-b484-5a9a5333aaa8,6e817a58-de65-425a-a93c-c560df09522a,GPS image 1.jpeg,57936,57936,Completed,2026-09-03 22:56:24.427906+00,2026-09-03 22:56:25.733534+00
625dae1c-d4d4-4111-9f3b-dc2c7d4daf57,7308e392-97e7-477c-9a9c-929eacde3db1,Labspace Organogram.png,133253,133253,Completed,2026-09-07 15:48:41.16062+00,2026-09-07 15:48:43.945132+00
63a70cc3-bef4-4ab7-9178-7be12a241bb0,718b0c06-5859-414b-b269-30a2dd9c4768,Founders Hub tcc-2026.pdf,78660,78660,Completed,2026-09-11 09:41:58.708232+00,2026-09-11 09:42:00.971065+00
661f77ef-20d6-4ba5-b480-931eb8db0545,84e3ebcc-8602-484d-b2ab-c1101806ba34,TCC (3).pdf,73655,73655,Completed,2026-09-07 15:09:14.591061+00,2026-09-07 15:09:16.408249+00
6757e6ff-8da0-49e7-9786-2d9a1f51c705,f1cf4a11-632e-4028-bbe4-c8f7cd2ce95c,IMG_1484.jpeg,372379,372379,Completed,2026-09-03 16:42:24.953799+00,2026-09-03 16:42:27.860044+00
676ffe26-5dc9-4649-b8f3-92dab5a5c775,f4ebcb1a-6692-40a8-bf55-d4352203fc92,tax_clearance FM 3 SEVIZ LIMITED ..(1).pdf,183937,183937,Completed,2026-09-05 20:32:03.869802+00,2026-09-05 20:32:06.072075+00
6a22b048-c399-4639-aaa0-bee9a891183b,323d4c6d-5d86-42e8-b412-420dea3e39de,AI_Academy_Training_Plan.pdf,151795,151795,Completed,2026-09-03 14:14:44.335043+00,2026-09-03 14:14:45.816555+00
72171fba-eca5-4ff4-97bc-de992df4f986,0e0feaab-9004-4869-ad96-eb995201ca43,REVUP WOMEN INITIATIVE Final Hub Report- Wootlab Innovations.docx.pdf,1311998,1311998,Completed,2026-09-04 11:04:55.884475+00,2026-09-04 11:05:01.5643+00
739c84b1-1a52-484d-a738-666742f04779,323d4c6d-5d86-42e8-b412-420dea3e39de,AI_Academy_Training_Plan.pdf,151795,151795,Completed,2026-09-03 14:15:18.069165+00,2026-09-03 14:15:19.762713+00
739cfe66-4e9d-43e0-8041-8ba944751beb,61683ae0-161b-406b-9bea-9f26a143332a,Module_2_Part_1_ESO_Application_Portal_PRD.pdf,142014,142014,Completed,2026-09-08 10:36:39.191882+00,2026-09-08 10:36:42.176206+00
76d305b7-8803-4514-8206-414135645fa9,5a01ff89-d047-4161-80ff-3ec6e6ebc6b4,CamScanner 09-07-2026 16.16_2.pdf,986216,986216,Completed,2026-09-08 13:06:50.426779+00,2026-09-08 13:06:53.736188+00
788ffa9e-13a5-4bab-aebd-6e2b6335bbe1,84e3ebcc-8602-484d-b2ab-c1101806ba34,Shamsudeen Abdulrazak - CV.pdf,34456,34456,Completed,2026-09-08 11:29:21.565523+00,2026-09-08 11:29:23.245645+00
793a1242-0970-4e0f-bb04-ecf8c6fd6763,0e0feaab-9004-4869-ad96-eb995201ca43,Wootlab_Foundation_Organisational_Structure_Updated.pdf,165979,165979,Completed,2026-09-04 09:31:02.653887+00,2026-09-04 09:31:04.851928+00
798e1074-9db5-4051-ab44-595e3feda834,5a01ff89-d047-4161-80ff-3ec6e6ebc6b4,tax_clearance (42).pdf,103959,103959,Completed,2026-09-04 13:06:59.304793+00,2026-09-04 13:07:01.683709+00
7a3ec4c4-3ab2-4afc-bfee-5c49ac6e4232,84e3ebcc-8602-484d-b2ab-c1101806ba34,Ibrahim Akorede Jimoh - CV.pdf,35122,35122,Completed,2026-09-08 11:28:48.799572+00,2026-09-08 11:28:50.362681+00
7a5e857c-5a43-4687-9e44-d6f7a47ba369,68454b5a-900d-4a65-97c7-4c9e4f2ddfe6,OPOLO - Certificate of Incorporation.pdf,478878,478878,Completed,2026-09-11 07:14:58.694289+00,2026-09-11 07:15:04.522415+00
7a65a7de-a004-4007-9a6f-173fc8de5431,718b0c06-5859-414b-b269-30a2dd9c4768,Toluwani_Ogundele_CV_iDICE_ESO.pdf,122087,122087,Completed,2026-09-11 11:17:44.022323+00,2026-09-11 11:17:48.515032+00
7b0084c8-a4f4-4bf1-bc4c-a888a0cfd3c1,84e3ebcc-8602-484d-b2ab-c1101806ba34,Corestream Organogram & Team Structure.pdf,151610,151610,Completed,2026-09-08 10:59:56.751292+00,2026-09-08 11:00:00.271829+00
7c184c74-2ddb-45c7-8e71-acc59211c4ef,144f30c7-2e20-4b1a-b8d6-448fbc1f9aa3,doc01193020260909143307_001.jpg,732970,732970,Completed,2026-09-09 14:26:58.443903+00,2026-09-09 14:27:01.219238+00
7c6d138e-17e5-4839-b1f3-bf144289cea0,525a4ba8-9412-4df1-8f2b-84562bf4ea44,IMG-20251023-WA0433.jpg,127582,127582,Completed,2026-09-10 09:20:47.829892+00,2026-09-10 09:20:49.215985+00
7cca499d-89a2-455d-88da-f633a6f120f8,61683ae0-161b-406b-9bea-9f26a143332a,Module_2_Part_1_ESO_Application_Portal_PRD.pdf,142014,142014,Completed,2026-09-08 10:29:22.02648+00,2026-09-08 10:29:25.096392+00
7e89a4b3-d5f5-4a64-b55a-420c62b36c63,525a4ba8-9412-4df1-8f2b-84562bf4ea44,A+ COMPUTER  AUDITED ACCOUNT 2025.pdf,502549,502549,Completed,2026-09-09 16:29:56.836977+00,2026-09-09 16:30:00.306952+00
7f31cd41-c29f-4e51-89b6-e6c0b447e2ed,9497e203-3896-4dd2-865a-c502e902b8d3,1001-AbdulRasheed-Saka (1).pdf,69008,69008,Completed,2026-09-01 05:57:47.489463+00,2026-09-01 05:57:48.505934+00
80c1aad6-b274-47f1-835c-4e6e0b526e40,4dbbdb5e-5e8a-4a75-9055-c2b9e5bef429,ENG_Pic8.jpg,163023,163023,Completed,2026-09-12 14:24:42.223716+00,2026-09-12 14:24:47.86752+00
82ffc3a7-6015-4295-b85b-b86b1e5b2a35,4dbbdb5e-5e8a-4a75-9055-c2b9e5bef429,Engee Rent Receipt.pdf,936286,936286,Completed,2026-09-12 13:56:11.96628+00,2026-09-12 13:56:14.832105+00
832421c1-e258-4272-a9e5-a6f57888aa94,7308e392-97e7-477c-9a9c-929eacde3db1,Labspace CAC (1).pdf,305559,305559,Completed,2026-09-03 15:53:46.549469+00,2026-09-03 15:53:50.543174+00
83e307b7-0d2c-43f6-a016-94592a40c596,525a4ba8-9412-4df1-8f2b-84562bf4ea44,CAC1.jpg,275495,275495,Completed,2026-09-09 14:01:26.144696+00,2026-09-09 14:01:28.482805+00
87dedfa6-df62-48a3-a1f9-eb184bbe00f4,faaa1ff4-ac01-4ef0-a430-9fccce37061b,CODEXTEL_TAX CLEARANCE_2026.pdf,78122,78122,Completed,2026-09-10 11:30:05.804535+00,2026-09-10 11:30:07.882315+00
8acef58d-1cce-4616-b7c3-97be07d821f9,61683ae0-161b-406b-9bea-9f26a143332a,Module_2_Part_1_ESO_Application_Portal_PRD.pdf,142014,142014,Completed,2026-09-08 10:48:27.786412+00,2026-09-08 10:48:28.905227+00
8ae359f8-937b-4bf1-b702-b6c1502be26a,84e3ebcc-8602-484d-b2ab-c1101806ba34,Corestream Evidence of Programme Delivery.pdf,3537054,3537054,Completed,2026-09-08 11:46:05.884306+00,2026-09-08 11:46:17.980161+00
8d77b2c2-1c6d-436a-8077-3b56333e95a6,525a4ba8-9412-4df1-8f2b-84562bf4ea44,ADEKE ABRAHAM TERHEMEN.pdf,87173,87173,Completed,2026-09-09 20:50:51.086376+00,2026-09-09 20:50:52.871832+00
9060000d-e201-4b50-89a7-ae77e44273e1,525a4ba8-9412-4df1-8f2b-84562bf4ea44,WhatsApp Image 2026-08-17 at 9.51.21 AM.jpeg,92889,92889,Completed,2026-09-09 14:37:30.060752+00,2026-09-09 14:37:31.451626+00
920a1d48-c788-46db-bf96-1debdbe65436,718b0c06-5859-414b-b269-30a2dd9c4768,FOUNDERSHUB INT LTD (1).pdf,264172,264172,Completed,2026-09-11 08:14:46.640677+00,2026-09-11 08:14:49.29891+00
93138297-0630-4134-b04b-186241903875,84e3ebcc-8602-484d-b2ab-c1101806ba34,Uwashili Uche Hilary Professional CV.pdf,516569,516569,Completed,2026-09-08 11:04:58.504586+00,2026-09-08 11:05:01.088767+00
959b26c6-521d-4706-9a20-ec41e4f67cfe,144f30c7-2e20-4b1a-b8d6-448fbc1f9aa3,ACCOUNTS.pdf,498943,498943,Completed,2026-09-12 15:24:31.503243+00,2026-09-12 15:24:34.82504+00
97877d89-329b-4afa-a8a7-0a40028cb6f8,0e0feaab-9004-4869-ad96-eb995201ca43,ABUJA DISCO PREPAID_8715277232475575.pdf,114954,114954,Completed,2026-09-04 08:55:34.958755+00,2026-09-04 08:55:38.009877+00
97efa91b-f2c6-446c-b382-9572833cc5f7,9497e203-3896-4dd2-865a-c502e902b8d3,1001-AbdulRasheed-Saka (1).pdf,69008,69008,Completed,2026-09-01 05:56:26.811033+00,2026-09-01 05:56:27.90194+00
9822ccbb-f336-40da-bf85-1a39c44a0b13,c6ac6d12-a506-420b-b5c8-1524b6fc7720,image (1).png,645630,645630,Completed,2026-09-11 08:26:54.667765+00,2026-09-11 08:26:56.437169+00
9bc0a4ed-8621-45b8-8aab-44528f76810b,6e16991d-6b63-4a88-84c6-c3f120a438ef,nhub cert of incorporation (1).pdf,117355,117355,Completed,2026-09-11 14:02:16.307645+00,2026-09-11 14:02:18.833158+00
9bf4b1fb-b8fc-4893-8ccc-a441aba48f22,9497e203-3896-4dd2-865a-c502e902b8d3,1001-AbdulRasheed-Saka (1).pdf,69008,69008,Completed,2026-09-01 05:55:45.940204+00,2026-09-01 05:55:48.495929+00
9d5fa8f1-7d3b-4c2c-9604-4ad6035470c7,faaa1ff4-ac01-4ef0-a430-9fccce37061b,Codextel Limited Annual Report (1).pdf,3882233,3882233,Completed,2026-09-11 15:05:22.409653+00,2026-09-11 15:05:54.926918+00
9dbeda84-72bf-4274-9989-9ca48d636fce,30941efe-b75d-4bb8-bb31-faa6b91e346f,Mustapha_Abdulrahman_Resume_v2.docx.pdf,148288,148288,Completed,2026-09-11 23:44:57.259799+00,2026-09-11 23:44:59.303666+00
9fff6817-1c6a-4830-b31c-8741397a6fc8,718b0c06-5859-414b-b269-30a2dd9c4768,Foundershub Organogramo.pdf,300861,300861,Completed,2026-09-11 10:57:05.274935+00,2026-09-11 10:57:06.678862+00
a22af8c5-cd67-4e31-b654-b8592d7a0da9,30941efe-b75d-4bb8-bb31-faa6b91e346f,Registration_Certificate_2623729602968.pdf,309392,309392,Completed,2026-09-04 11:03:53.227273+00,2026-09-04 11:03:55.945598+00
a3b8fe99-1e0c-4db6-b73d-34a2d1f8863b,9497e203-3896-4dd2-865a-c502e902b8d3,1001-AbdulRasheed-Saka (1).pdf,69008,69008,Completed,2026-09-01 05:57:16.826819+00,2026-09-01 05:57:17.926304+00
a50dc017-01f7-47fd-b676-0953832c9315,c6ac6d12-a506-420b-b5c8-1524b6fc7720,Letter of Endorsement_FedPoly Ile-Oluji (1) (1).docx,302085,302085,Completed,2026-09-11 08:26:28.109518+00,2026-09-11 08:26:29.800963+00
a536b8a4-16e5-44cb-86fb-4eb631821f5d,7308e392-97e7-477c-9a9c-929eacde3db1,Abubakar Nafisat Aguye CV. (3).pdf,430797,430797,Completed,2026-09-07 15:25:14.698821+00,2026-09-07 15:25:18.545931+00
a8134bad-b395-46a2-ad78-b70684893403,5a01ff89-d047-4161-80ff-3ec6e6ebc6b4,CAC_Certificate_240918_163012 (2).pdf,921403,921403,Completed,2026-09-04 12:57:10.512501+00,2026-09-04 12:57:11.947161+00
a857e0a1-f2a6-4d1d-a47b-d504a9bbc04c,5a01ff89-d047-4161-80ff-3ec6e6ebc6b4,Joshua_Abel_Alhassan_Resume_B.D.pdf,101412,101412,Completed,2026-09-08 11:39:13.782964+00,2026-09-08 11:39:15.289014+00
a94d8925-2424-4974-b205-d4f2717785f7,7c2e60c6-f8e2-48f0-bdb8-d0ed88292769,TAX Certificate.pdf,281072,281072,Completed,2026-09-10 19:03:37.92388+00,2026-09-10 19:03:45.352597+00
a997956e-a5d3-4793-9cc2-b4b987ce6d84,6f513ed6-8d50-4c80-becb-3c2a230d8ec4,CERTIFICATE - KOPSON GLOBAL LIMITED.pdf,921601,921601,Completed,2026-09-07 15:33:28.377178+00,2026-09-07 15:33:30.500223+00
aa39c081-9025-4835-b00a-aaab2bcc2415,7308e392-97e7-477c-9a9c-929eacde3db1,Fatima M Ibrahim CV 2026 (LSP).pdf,75779,75779,Completed,2026-09-07 15:50:04.402616+00,2026-09-07 15:50:05.390708+00
ab470234-ec24-4204-b428-c490e4a6834b,faaa1ff4-ac01-4ef0-a430-9fccce37061b,Centre.jpg,3918485,3918485,Completed,2026-09-10 11:29:12.559043+00,2026-09-10 11:29:45.058396+00
abdaa7ec-c9d7-4608-9604-143fe950ee5b,7fe57f93-fd24-4ccd-a5e9-cf13097503c1,Utility Bill for Abdullahi Suleiman Erena .pdf,710585,710585,Completed,2026-09-12 12:57:53.01201+00,2026-09-12 12:57:55.730151+00
ac70bc06-13ac-4d25-923e-b4fe2966d51c,9497e203-3896-4dd2-865a-c502e902b8d3,1001-AbdulRasheed-Saka (1).pdf,69008,69008,Completed,2026-09-01 06:01:28.103058+00,2026-09-01 06:01:29.384825+00
ad868eb8-9348-4000-87c2-0d29594480f9,cae6b4f6-e7e8-4199-87c4-e88dbc703f98,MOUNTMOVE GLOBAL LTD 2025_260912_115945.pdf,1660322,1660322,Completed,2026-09-12 11:00:53.22829+00,2026-09-12 11:00:55.74329+00
b1b364ee-0053-442f-963b-2807f728ded9,c6ac6d12-a506-420b-b5c8-1524b6fc7720,EGO_Foundation_Recommendation Letter.docx.pdf,292593,292593,Completed,2026-09-11 08:26:34.735147+00,2026-09-11 08:26:37.796254+00
b3942b40-3f63-44c8-b2d4-f8fc1b975459,61683ae0-161b-406b-9bea-9f26a143332a,Module_2_Part_1_ESO_Application_Portal_PRD.pdf,142014,142014,Completed,2026-09-08 10:38:19.395183+00,2026-09-08 10:38:20.291816+00
b43f5585-157e-4141-9e94-c8d39a0dfa83,5a01ff89-d047-4161-80ff-3ec6e6ebc6b4,Mentor-Box Incubation & BDS Programmes (1).pdf,5883594,5883594,Completed,2026-09-11 10:46:43.439518+00,2026-09-11 10:46:49.6669+00
b67fb10f-2b2e-403d-9cba-d55f325edb71,323d4c6d-5d86-42e8-b412-420dea3e39de,AI_Academy_Training_Plan.pdf,151795,151795,Completed,2026-09-03 14:14:21.709346+00,2026-09-03 14:14:23.139073+00
b8dc2e14-23c5-45b7-9f6e-f86097782728,68454b5a-900d-4a65-97c7-4c9e4f2ddfe6,Opolo- ESO.pdf,1132764,1132764,Completed,2026-09-11 09:55:59.265929+00,2026-09-11 09:56:03.145772+00
b9df5bfc-d469-42f9-819f-04b559d00485,5a01ff89-d047-4161-80ff-3ec6e6ebc6b4,CAC_Certificate_240918_163012.pdf,921403,921403,Completed,2026-09-08 14:50:54.035735+00,2026-09-08 14:50:58.424607+00
bb6b7a2c-ea8d-44c9-8ecf-2a9deed7d323,2c915a62-2450-40f9-a27c-844300fc610a,CAC certificate .pdf,998293,998293,Completed,2026-09-12 17:08:49.126459+00,2026-09-12 17:08:55.422272+00
bbb48d2f-b3a2-4394-967a-a913e6375bcc,144f30c7-2e20-4b1a-b8d6-448fbc1f9aa3,CAD & GIS Center — Proposed Organogram.docx,16275,16275,Completed,2026-09-12 15:49:12.220479+00,2026-09-12 15:49:13.888619+00
bbed1448-dab7-41e5-b827-c0e5cda0368b,4dbbdb5e-5e8a-4a75-9055-c2b9e5bef429,Tax Clearance Certificate.pdf,78305,78305,Completed,2026-09-12 14:06:55.190726+00,2026-09-12 14:06:57.124161+00
bd0b5ab9-bb91-40c7-b6c8-f85182ec8437,0e0feaab-9004-4869-ad96-eb995201ca43,Goodnews Akwaowo CV June 2026.pdf,124846,124846,Completed,2026-09-04 08:57:10.119608+00,2026-09-04 08:57:11.368645+00
bdfb1e02-a646-4362-8039-17a74e26449f,7308e392-97e7-477c-9a9c-929eacde3db1,LABSPACE CORPORATE GOVERNANCE FRAMEWORK.pdf,157144,157144,Completed,2026-09-07 15:50:22.868596+00,2026-09-07 15:50:24.735765+00
be1e4271-b3f4-499e-a2a3-779a6b6b55fc,84e3ebcc-8602-484d-b2ab-c1101806ba34,WhatsApp Image 2026-08-05 at 3.03.05 PM (2).jpeg,49394,49394,Completed,2026-09-07 15:10:00.691002+00,2026-09-07 15:10:02.731729+00
bec6f236-4e61-402b-a21c-886c16893d08,6e817a58-de65-425a-a93c-c560df09522a,nhub cert of incorporation.pdf,728056,728056,Completed,2026-09-03 17:32:24.270341+00,2026-09-03 17:32:27.041343+00
bf7e035e-f91a-4bb9-9967-27639c495e47,c6ac6d12-a506-420b-b5c8-1524b6fc7720,Letter of Endorsement_FedPoly Ile-Oluji.docx (2).pdf,361681,361681,Completed,2026-09-11 08:26:44.299566+00,2026-09-11 08:26:58.026088+00
c18bc5ee-65df-4460-9817-9cde90bf41cb,0e0feaab-9004-4869-ad96-eb995201ca43,audited account 2024 (2).pdf,2800097,2800097,Completed,2026-09-04 08:56:44.223617+00,2026-09-04 08:56:46.252709+00
c1b70420-f6a9-4fc9-afd0-cfc028b2b82e,8263cbde-349a-44e1-b837-6f008c1e1021,IMG-20260618-WA0036.jpg,262757,262757,Completed,2026-09-04 12:21:55.011286+00,2026-09-04 12:21:56.713994+00
c3c5b35b-f719-4785-bcf6-a915f0f253d6,323d4c6d-5d86-42e8-b412-420dea3e39de,AI_Academy_Training_Plan.pdf,151795,151795,Completed,2026-09-03 14:14:13.193916+00,2026-09-03 14:14:15.837911+00
c4dfd17e-5762-4fe0-bed2-b5a998846166,4dbbdb5e-5e8a-4a75-9055-c2b9e5bef429,Grace_WomenliftHealth_Recommendatn.pdf,45295,45295,Completed,2026-09-12 14:05:42.147392+00,2026-09-12 14:05:43.718694+00
c75a3ab1-540f-4aca-b486-657591511b8b,cae6b4f6-e7e8-4199-87c4-e88dbc703f98,MountMove_Global_Organogram.pdf,78249,78249,Completed,2026-09-12 11:20:24.282954+00,2026-09-12 11:20:25.242395+00
c77f5574-8439-435d-8940-befabecec57d,9497e203-3896-4dd2-865a-c502e902b8d3,1001-AbdulRasheed-Saka (1).pdf,69008,69008,Completed,2026-09-01 05:57:54.567742+00,2026-09-01 05:57:55.926834+00
cca172f0-e218-4074-917a-eaffa7c50767,7c2e60c6-f8e2-48f0-bdb8-d0ed88292769,Organogram for Growth 2.0.pdf,122669,122669,Completed,2026-09-10 19:04:16.371789+00,2026-09-10 19:04:21.230967+00
ccb2ce6f-0a84-4035-a02e-36e96d0d00c3,f1cf4a11-632e-4028-bbe4-c8f7cd2ce95c,IMG_1493.jpeg,241353,241353,Completed,2026-09-04 14:55:35.928299+00,2026-09-04 14:55:37.978591+00
ce40f46f-6b21-42a1-b369-4c9cd7289368,cae6b4f6-e7e8-4199-87c4-e88dbc703f98,CERTIFICATE -  MOUNTMOVE GLOBAL LIMITED .pdf,924913,924913,Completed,2026-09-12 10:41:51.864716+00,2026-09-12 10:41:53.332121+00
d1116167-7ae2-4ae2-b5a7-497197dda9f1,4dbbdb5e-5e8a-4a75-9055-c2b9e5bef429,Grace CV.pdf,205512,205512,Completed,2026-09-12 13:59:27.210543+00,2026-09-12 13:59:29.394615+00
d37013ec-1a17-43aa-95fb-5ff100077332,323d4c6d-5d86-42e8-b412-420dea3e39de,AI_Academy_Training_Plan.pdf,151795,151795,Completed,2026-09-03 13:59:50.193947+00,2026-09-03 13:59:52.997496+00
d544266a-8642-4e75-a0de-45183cdbdd52,30941efe-b75d-4bb8-bb31-faa6b91e346f,Registration_Certificate_2623729602968.pdf,309392,309392,Completed,2026-09-04 11:03:44.87856+00,2026-09-04 11:03:48.263265+00
d74ff56d-4b0a-4509-baad-086010fbfe0b,0e0feaab-9004-4869-ad96-eb995201ca43,World Humanitarian Day 3.png,2920889,2920889,Completed,2026-09-04 09:39:54.898242+00,2026-09-04 09:40:01.019058+00
d9517f8a-62b7-4bd1-a6f3-af4ae0df9086,7c2e60c6-f8e2-48f0-bdb8-d0ed88292769,Copy of Resume(2).pdf,1015785,1015785,Completed,2026-09-10 19:02:16.539809+00,2026-09-10 19:02:19.648449+00
da183236-2067-47cf-856b-95e05438ff1a,84e3ebcc-8602-484d-b2ab-c1101806ba34,WhatsApp Image 2026-09-07 at 4.06.45 PM.jpeg,91980,91980,Completed,2026-09-07 15:07:02.421821+00,2026-09-07 15:07:03.840673+00
dd078cd0-d5bb-492f-9eb4-1e8a2af71f20,323d4c6d-5d86-42e8-b412-420dea3e39de,AI_Academy_Training_Plan.pdf,151795,151795,Completed,2026-09-03 14:14:32.734893+00,2026-09-03 14:14:34.599574+00
e0b27049-ae4e-4e78-a06a-44508f898035,525a4ba8-9412-4df1-8f2b-84562bf4ea44,BAMIDELE FOLARANMI SEYI  CV.pdf,84051,84051,Completed,2026-09-09 21:02:29.838163+00,2026-09-09 21:02:30.609732+00
e53e697b-a240-4a3b-9691-532fd3928582,5a01ff89-d047-4161-80ff-3ec6e6ebc6b4,CAC_Certificate_240918_163012 (2).pdf,921403,921403,Completed,2026-09-04 12:56:43.100694+00,2026-09-04 12:56:44.36073+00
e59b13d6-86f6-47dd-b43c-da338f612d92,7fe57f93-fd24-4ccd-a5e9-cf13097503c1,Taofeek Yusuf's CV-1.pdf,258723,258723,Completed,2026-09-12 13:22:33.86936+00,2026-09-12 13:22:35.855163+00
e69f1574-dc14-4041-8b3d-c951816c5ed0,525a4ba8-9412-4df1-8f2b-84562bf4ea44,tax clearance.JPG,70834,70834,Completed,2026-09-09 14:46:59.443955+00,2026-09-09 14:47:00.919758+00
e6d37a04-643a-4f15-8b52-7f3d2b0ca519,0e0feaab-9004-4869-ad96-eb995201ca43,Wootlab Foundation CAC_Certificate updated (1).pdf,998257,998257,Completed,2026-09-03 20:04:53.944738+00,2026-09-03 20:04:58.612213+00
e784e41e-b5f8-4531-9103-c83f73250883,5a01ff89-d047-4161-80ff-3ec6e6ebc6b4,CAC_Certificate_240918_163012 (2).pdf,921403,921403,Completed,2026-09-04 12:56:28.505526+00,2026-09-04 12:56:29.683011+00
e7b6af10-eb50-4bdd-96b0-d8e4e38a5025,525a4ba8-9412-4df1-8f2b-84562bf4ea44,Registrar CV.pdf,1165261,1165261,Completed,2026-09-09 20:59:43.288884+00,2026-09-09 20:59:48.661783+00
e8f539be-fd94-455c-ae43-362372191055,323d4c6d-5d86-42e8-b412-420dea3e39de,AI_Academy_Training_Plan.pdf,151795,151795,Completed,2026-09-03 14:16:14.703125+00,2026-09-03 14:16:16.20955+00
ea1d8b2d-b6d5-4450-866c-e5dc915c0478,5a01ff89-d047-4161-80ff-3ec6e6ebc6b4,Daz Asabe CV.docx,14832,14832,Completed,2026-09-08 12:57:29.105284+00,2026-09-08 12:57:29.6597+00
ea3c50ce-558c-483f-bd5d-3a002284f1fc,5a01ff89-d047-4161-80ff-3ec6e6ebc6b4,CAC_Certificate_240918_163012 (2).pdf,921403,921403,Completed,2026-09-04 12:56:34.9812+00,2026-09-04 12:56:36.088106+00
eab551af-55e5-4105-b2e9-73200acc7381,0e0feaab-9004-4869-ad96-eb995201ca43,Chioma Okoro's CV- cam (2).pdf,163719,163719,Completed,2026-09-04 09:11:03.99503+00,2026-09-04 09:11:06.174519+00
eaf066c8-33f0-43ca-a09a-1cac5dda7a45,61683ae0-161b-406b-9bea-9f26a143332a,Module_2_Part_1_ESO_Application_Portal_PRD.pdf,142014,142014,Completed,2026-09-08 10:37:05.219729+00,2026-09-08 10:37:06.358947+00
eb29c8e5-57c2-4611-8fc2-2bcbcf2f71de,5a01ff89-d047-4161-80ff-3ec6e6ebc6b4,Happy Rugbere Rusume  - BD and Strategy.pdf,133397,133397,Completed,2026-09-08 11:40:42.087344+00,2026-09-08 11:40:43.707852+00
ebebbec1-7ddc-4279-8909-21f0b97db56d,5a01ff89-d047-4161-80ff-3ec6e6ebc6b4,Mentor-Box Incubation & BDS Programmes.pdf,1286699,1286699,Completed,2026-09-11 10:15:23.293983+00,2026-09-11 10:15:26.106532+00
ec518495-805a-47e0-bbd5-d07cb8109e50,2c915a62-2450-40f9-a27c-844300fc610a,Professional CV - Tasiu Kwaplong Saeed.pdf,90560,90560,Completed,2026-09-12 17:10:15.509356+00,2026-09-12 17:10:17.189241+00
ee9f907d-4ab0-4df8-bdc1-e0679a5ec9ed,84e3ebcc-8602-484d-b2ab-c1101806ba34,OKOLO CHIOMA Evaluation& Monitoring.pdf,108492,108492,Completed,2026-09-08 11:05:58.154147+00,2026-09-08 11:06:00.032595+00
ef180fe2-b06c-4da2-b5a9-3db10915e1a5,84e3ebcc-8602-484d-b2ab-c1101806ba34,kasim updated cv (1)-1.pdf,561625,561625,Completed,2026-09-08 11:05:07.249628+00,2026-09-08 11:05:10.617476+00
ef83d743-02ca-45da-bd71-f84866d8c17b,2974ea1e-726e-468a-bedd-ec83d95fa62d,CAC HOHF_105638.jpg,1309098,1309098,Completed,2026-09-03 18:39:11.513748+00,2026-09-03 18:39:35.187417+00
ef963dcb-1e8f-4df0-9c14-73e2f4f1dde5,5a01ff89-d047-4161-80ff-3ec6e6ebc6b4,Mentor-Box-Foundation-Organizational-Structure.pdf,1831668,1831668,Completed,2026-09-08 14:49:28.217858+00,2026-09-08 14:49:51.901547+00
efd17cd8-a03e-476d-9610-52f59f4f15e8,9497e203-3896-4dd2-865a-c502e902b8d3,1001-AbdulRasheed-Saka (1).pdf,69008,69008,Completed,2026-09-01 05:57:10.979515+00,2026-09-01 05:57:12.228196+00
f107d477-00fa-485e-a1e5-a585f6e9d56e,525a4ba8-9412-4df1-8f2b-84562bf4ea44,IMG-20251023-WA0434.jpg,127079,127079,Completed,2026-09-10 09:17:18.916605+00,2026-09-10 09:17:21.151277+00
f5bd7239-8091-4d10-a138-8b8308fba145,cae6b4f6-e7e8-4199-87c4-e88dbc703f98,Evidence of Delivery - Mountmove.pdf,318385,318385,Completed,2026-09-12 12:28:02.504299+00,2026-09-12 12:28:03.713764+00
f5ff8f18-ac53-4bb3-bcaa-155f74f82cd8,5a01ff89-d047-4161-80ff-3ec6e6ebc6b4,Report.pdf,6280086,6280086,Completed,2026-09-08 18:58:24.59615+00,2026-09-08 18:58:39.747756+00
f60b8ba2-d87a-4d80-b12d-10e407926dd3,30941efe-b75d-4bb8-bb31-faa6b91e346f,ItopaKing Resume.pdf,147366,147366,Completed,2026-09-04 10:14:26.500767+00,2026-09-04 10:14:29.822148+00
f7d800d3-e1a2-439a-a7b3-1e0aa7f3db7d,f4ebcb1a-6692-40a8-bf55-d4352203fc92,CERTIFICATE - FM 3 SEVIZ LIMITED.pdf,998318,998318,Completed,2026-09-05 20:22:50.19026+00,2026-09-05 20:23:18.830066+00
f8d9c7b4-bdb3-49a4-a529-c46dccfb5178,0e0feaab-9004-4869-ad96-eb995201ca43,Wootlab Foundation 2025 Audited Account.pdf,2491134,2491134,Completed,2026-09-04 09:03:54.304918+00,2026-09-04 09:03:58.421029+00
f9b39cc4-90af-46cb-891e-b1cb1b5adb67,6e817a58-de65-425a-a93c-c560df09522a,tax_clearance (61) (1).pdf,59732,59732,Completed,2026-09-03 17:44:39.040409+00,2026-09-03 17:44:40.375047+00
fabc4ad8-10bd-4e2c-8160-3c4c14bcf1a0,61683ae0-161b-406b-9bea-9f26a143332a,Module_2_Part_1_ESO_Application_Portal_PRD.pdf,142014,142014,Completed,2026-09-08 10:40:10.143254+00,2026-09-08 10:40:11.909972+00
fc8c7130-9525-4549-bcd0-837fe6db4c1e,f4ebcb1a-6692-40a8-bf55-d4352203fc92,picture 3.jpeg,178133,178133,Completed,2026-09-05 20:28:04.638075+00,2026-09-05 20:28:05.175172+00
fd948816-71e9-4df7-96de-c498ccd1ba76,faaa1ff4-ac01-4ef0-a430-9fccce37061b,Codextel Ltd - Certificate of Incorporation.pdf,711881,711881,Completed,2026-09-09 11:52:51.982973+00,2026-09-09 11:52:54.748003+00
ff227842-53b2-461a-bbb7-5ef28fd50661,6f513ed6-8d50-4c80-becb-3c2a230d8ec4,CERTIFICATE - KOPSON GLOBAL LIMITED.pdf,921601,921601,Completed,2026-09-07 15:30:20.287874+00,2026-09-07 15:30:23.824234+00
ffdbacac-0587-40d4-ab43-c1ae8ce05b54,0e0feaab-9004-4869-ad96-eb995201ca43,Wootlab Foundation TCC (1).pdf,73963,73963,Completed,2026-09-04 08:54:31.15989+00,2026-09-04 08:54:33.518981+00