id,name,created_at,updated_at
051ec70e-5e23-430c-9e61-2926bf7cd501,A+ Computer Training Technology Limited,2026-09-09 13:59:56.266202+00,2026-09-09 13:59:56.266202+00
0764d725-b647-41be-9807-319a7846b640,Goodlab,2026-09-11 07:50:29.21903+00,2026-09-11 07:50:29.21903+00
09346de8-b1c9-4875-8b54-dc2891c10286,mac,2026-09-03 22:16:08.608765+00,2026-09-03 22:16:08.608765+00
14c5f257-a3d8-4ce1-b2b2-4942e4eea94f,BLOCKFUSE LABS,2026-09-11 13:10:22.284664+00,2026-09-11 13:10:22.284664+00
1b06c690-326f-4046-840a-2c6236fdbd8f,Codextel Limited,2026-09-05 00:03:17.438971+00,2026-09-05 00:03:17.438971+00
1bb84a38-a854-46f0-846f-b6ffda1cf49d,Black Accelerate,2026-09-10 18:57:37.719151+00,2026-09-10 18:57:37.719151+00
2909b56d-3c17-497b-8690-553104e8d851,Lalitah,2026-09-09 16:47:52.216948+00,2026-09-09 16:47:52.216948+00
29558a11-ab45-45bc-946c-f4b5cd416229,BUGBAFU CONSULT LTD,2026-09-11 07:45:14.985583+00,2026-09-11 07:45:14.985583+00
3a21fdc5-5a75-436d-8547-6b9ba79d04b0,House of Hilkiah Foundation,2026-09-02 15:24:24.059026+00,2026-09-02 15:24:24.059026+00
3c13dece-8b3d-413a-b264-3dd76bdb510e,"Simdozi International Limited ",2026-09-02 14:03:26.017775+00,2026-09-02 14:03:26.017775+00
3fe7ade0-b13f-41ef-a6d9-47775430294e,Wootlab Foundation,2026-09-03 19:27:26.28012+00,2026-09-03 19:27:26.28012+00
47459f61-2919-414a-879c-daf79e4dbdd2,Lalitah,2026-09-09 16:33:07.50789+00,2026-09-09 16:33:07.50789+00
5401a999-924d-4324-b305-b580bd457e0f,FM 3 SEVIZ LIMITED,2026-09-05 19:24:17.48388+00,2026-09-05 19:24:17.48388+00
5a8f87e9-14d9-4b20-b946-bd9147c461ee,AICESA AI,2026-09-03 22:37:26.145721+00,2026-09-03 22:37:26.145721+00
5c62dcb6-5aa1-4425-b162-90334ca6ae11,Corestream Networks and Robotics Limimtes,2026-09-07 14:58:24.307878+00,2026-09-07 14:58:24.307878+00
5cb0eb0c-fe16-427b-baf5-25707b04c735,"Mentor-Box Foundation ",2026-09-03 17:00:44.669818+00,2026-09-03 17:00:44.669818+00
5df19dbf-f418-4a4c-87ca-5d55aaa476d4,kunle,2026-09-03 21:10:11.061317+00,2026-09-03 21:10:11.061317+00
5e24f98f-20a0-4e34-bbc5-eba17770812c,"Kogi Innovation Hub ",2026-09-04 10:01:47.702919+00,2026-09-04 10:01:47.702919+00
62a3759d-2a7f-4b06-b206-5640c03110ae,Isyaku Abdullahi Education and Training,2026-09-02 20:12:51.182399+00,2026-09-02 20:12:51.182399+00
658b385e-fa84-41e2-90f5-b7ed15cfeb3d,CAD & GIS LTD,2026-09-08 13:34:29.690864+00,2026-09-08 13:34:29.690864+00
6a02d992-dfe4-445c-b676-f9ec72fcdeec,nHub,2026-09-07 18:03:26.981629+00,2026-09-07 18:03:26.981629+00
6a4b8de6-c108-4c5d-b016-7e839b8be62f,CAD & GIS LTD,2026-09-08 11:09:07.693741+00,2026-09-08 11:09:07.693741+00
6c03b5fc-cb92-40b0-a401-9d9ed3d82f2a,salamitobimi@gmail.com,2026-09-01 05:53:34.523239+00,2026-09-01 05:53:34.523239+00
6cb38ec8-25dc-40d3-a5a9-629b8716406c,"Wootlab ",2026-09-08 16:23:32.484913+00,2026-09-08 16:23:32.484913+00
73a6b551-06f7-45a8-9115-81ae30a3706f,Yheancarh Inc,2026-09-05 22:19:36.61172+00,2026-09-05 22:19:36.61172+00
78266870-4dde-4290-aad9-857965379b73,3bytz,2026-08-31 21:16:16.868397+00,2026-08-31 21:16:16.868397+00
7939eda4-b3ba-4ea1-af07-066ea5a7b192,AHQ Ohinoyi Business Enterprises And Consultancy,2026-09-03 05:29:57.191594+00,2026-09-03 05:29:57.191594+00
79c67bf8-805b-4a1f-ace7-bb914ba3b167,A+ Computer I.T Academy,2026-09-12 10:27:59.642738+00,2026-09-12 10:27:59.642738+00
86c10707-7182-45c1-a3fd-622f55dbeee9,A+ Computer I.T Academy,2026-09-12 11:22:02.44715+00,2026-09-12 11:22:02.44715+00
8ceef4e8-cf8d-47fc-9d01-15e08a50d7ca,ESO 101,2026-09-08 10:27:07.871669+00,2026-09-08 10:27:07.871669+00
8d2ad1f9-5914-4cf9-a6a6-e1adb3ae4858,Labspace By JD Lab,2026-09-03 13:29:52.383932+00,2026-09-03 13:29:52.383932+00
92a6d61e-746d-4261-85e9-c3b463a2fa24,"Founders Hub Africa ",2026-09-10 07:19:19.985106+00,2026-09-10 07:19:19.985106+00
96dcedbf-e530-4761-9d67-ed3e9ddddceb,Mountmove Global,2026-09-02 12:14:41.209935+00,2026-09-02 12:14:41.209935+00
977c727f-0b0a-4011-9c6e-b715a9dc3a1a,"02 INNOVATION LAB ",2026-09-12 17:04:28.796503+00,2026-09-12 17:04:28.796503+00
9e60c8d7-6fa6-44b7-90ca-6ce6e0597f02,Think hub creatives and digital hub,2026-09-03 13:14:40.048491+00,2026-09-03 13:14:40.048491+00
a1a751c9-bbd3-4683-87cd-7c784f4771ee,"Easyclique Technology ",2026-09-02 14:24:19.83961+00,2026-09-02 14:24:19.83961+00
a99abe6e-ed25-4f96-8638-715b29c09c56,A+ Computer Training Technology Limited,2026-09-09 13:51:05.137704+00,2026-09-09 13:51:05.137704+00
af411f24-0bff-4386-9fcf-5d9d1c0a776c,OPOLO Global  Innovation Limited,2026-09-10 18:48:34.641133+00,2026-09-10 18:48:34.641133+00
b4521b98-297e-475a-b531-edd1e1b42fee,Kopson Global LIMITED,2026-09-07 15:24:14.592193+00,2026-09-07 15:24:14.592193+00
c2042535-8c3c-460b-81fe-0e27728418c3,"Engee Ecodesigns Limited ",2026-09-12 13:38:20.322083+00,2026-09-12 13:38:20.322083+00
c7443ea5-ed5f-4b60-a0f2-d551e714384d,ESO-GUY,2026-09-10 15:22:26.821837+00,2026-09-10 15:22:26.821837+00
d2220900-b68c-4439-8429-868f45da70ee,"Richi's Pastries ",2026-09-04 10:06:38.496205+00,2026-09-04 10:06:38.496205+00
d8d46c46-88b8-441c-9c41-beb16224466e,Kaswa Ng Enterprise,2026-09-07 15:09:10.95472+00,2026-09-07 15:09:10.95472+00
db0d1599-3518-44c8-86fc-a299cffe0192,Center for Strategic Enterprise Development (CSED),2026-09-04 12:04:33.049296+00,2026-09-04 12:04:33.049296+00
deb058b1-59c2-4ee4-9a1c-6171c816dfdb,Toof LTD,2026-09-05 09:23:57.846496+00,2026-09-05 09:23:57.846496+00
e719ccde-8e2d-4a3d-92c1-a6db11153cce,"Zujiret Enterprise ",2026-09-09 13:50:38.265812+00,2026-09-09 13:50:38.265812+00
f3073693-9792-4e10-b8cd-67e68ed613c1,nHub Incubator & Accelerator,2026-09-03 11:03:05.170515+00,2026-09-03 11:03:05.170515+00
f6846280-b36c-4b41-b5be-50beaf2e860e,Habmar production,2026-09-02 14:36:00.409158+00,2026-09-02 14:36:00.409158+00