id,email,banned_until,created_at,confirmed_at,confirmation_sent_at,is_anonymous,is_sso_user,invited_at,last_sign_in_at,phone,raw_app_meta_data,raw_user_meta_data,updated_at
af99cf86-db61-482e-b874-9cb7241395a8,chimdindu73@gmail.com,null,2026-08-31 21:16:16.87023+00,2026-08-31 21:16:56.041855+00,2026-08-31 21:16:16.89676+00,false,false,null,2026-09-22 12:30:02.432154+00,null,"{""provider"": ""email"", ""providers"": [""email""]}","{""sub"": ""af99cf86-db61-482e-b874-9cb7241395a8"", ""email"": ""chimdindu73@gmail.com"", ""state"": ""FCT"", ""full_name"": ""Chimdi"", ""email_verified"": true, ""phone_verified"": false, ""organisation_name"": ""3bytz""}",2026-09-24 13:49:37.534184+00
f95d8365-d028-47ae-bf85-aa1b789e69c8,salamitobimi@gmail.com,null,2026-09-01 05:53:34.524361+00,2026-09-01 05:53:45.96235+00,2026-09-01 05:53:34.66322+00,false,false,null,2026-09-29 11:03:53.575407+00,null,"{""provider"": ""email"", ""providers"": [""email""]}","{""sub"": ""f95d8365-d028-47ae-bf85-aa1b789e69c8"", ""email"": ""salamitobimi@gmail.com"", ""state"": ""Kwara"", ""full_name"": ""Oluwatobi Salami"", ""email_verified"": true, ""phone_verified"": false, ""organisation_name"": ""salamitobimi@gmail.com""}",2026-09-30 08:01:53.162895+00
79f4fda3-a464-49e3-a275-d1823dded2bb,info@mountmove.org,null,2026-09-02 12:14:41.212722+00,2026-09-02 23:18:57.399822+00,2026-09-02 23:18:35.454037+00,false,false,null,2026-09-18 19:26:10.270925+00,null,"{""provider"": ""email"", ""providers"": [""email""]}","{""sub"": ""79f4fda3-a464-49e3-a275-d1823dded2bb"", ""email"": ""info@mountmove.org"", ""state"": ""FCT"", ""full_name"": ""Dr. Obi Umegbolu"", ""email_verified"": true, ""phone_verified"": false, ""organisation_name"": ""Mountmove Global""}",2026-09-28 11:31:35.759634+00
279a20ae-6fe7-4ea0-b31f-4ab89a8096ec,ndukaeudeala@gmail.com,null,2026-09-02 14:03:26.020309+00,2026-09-02 14:04:02.250456+00,2026-09-02 14:03:26.129328+00,false,false,null,2026-09-02 14:04:48.122603+00,null,"{""provider"": ""email"", ""providers"": [""email""]}","{""sub"": ""279a20ae-6fe7-4ea0-b31f-4ab89a8096ec"", ""email"": ""ndukaeudeala@gmail.com"", ""state"": ""Nasarawa"", ""full_name"": ""Esonu Nduka Udeala "", ""email_verified"": true, ""phone_verified"": false, ""organisation_name"": ""Simdozi International Limited ""}",2026-09-02 14:04:48.127021+00
0a198fbf-9ca0-4430-a219-fa3814344925,sundayezequiel6565@gmail.com,null,2026-09-02 14:24:19.841725+00,2026-09-02 14:24:53.495747+00,2026-09-02 14:24:19.880476+00,false,false,null,2026-09-02 14:26:17.458805+00,null,"{""provider"": ""email"", ""providers"": [""email""]}","{""sub"": ""0a198fbf-9ca0-4430-a219-fa3814344925"", ""email"": ""sundayezequiel6565@gmail.com"", ""state"": ""Kogi"", ""full_name"": ""Ezekiel Sunday"", ""email_verified"": true, ""phone_verified"": false, ""organisation_name"": ""Easyclique Technology ""}",2026-09-02 15:25:33.794014+00
f656bf34-56d8-4693-953d-bea273e4ccd6,jibrinaisha339@gmail.com,null,2026-09-02 14:36:00.411896+00,2026-09-02 14:36:42.041175+00,2026-09-02 14:36:00.445858+00,false,false,null,2026-09-02 14:36:54.044863+00,null,"{""provider"": ""email"", ""providers"": [""email""]}","{""sub"": ""f656bf34-56d8-4693-953d-bea273e4ccd6"", ""email"": ""jibrinaisha339@gmail.com"", ""state"": ""FCT"", ""full_name"": ""Aisha Aliyu Jibrin"", ""email_verified"": true, ""phone_verified"": false, ""organisation_name"": ""Habmar production""}",2026-09-02 14:36:54.048109+00
12df8dea-9331-4211-bc0a-146cb2d5e881,houseofhilkiahfoundation@gmail.com,null,2026-09-02 15:24:24.060928+00,2026-09-02 15:24:45.296751+00,2026-09-02 15:24:24.120108+00,false,false,null,2026-09-03 10:46:24.08697+00,null,"{""provider"": ""email"", ""providers"": [""email""]}","{""sub"": ""12df8dea-9331-4211-bc0a-146cb2d5e881"", ""email"": ""houseofhilkiahfoundation@gmail.com"", ""state"": ""Benue"", ""full_name"": ""Dorothy Akemde"", ""email_verified"": true, ""phone_verified"": false, ""organisation_name"": ""House of Hilkiah Foundation""}",2026-09-03 18:37:04.484205+00
137a5e49-bf2e-43df-983c-67ecc697d397,isyakuabdullahi010@gmail.com,null,2026-09-02 20:12:51.184233+00,2026-09-02 20:21:23.340957+00,2026-09-02 20:12:51.280997+00,false,false,null,2026-09-02 21:16:00.737849+00,null,"{""provider"": ""email"", ""providers"": [""email""]}","{""sub"": ""137a5e49-bf2e-43df-983c-67ecc697d397"", ""email"": ""isyakuabdullahi010@gmail.com"", ""state"": ""Niger"", ""full_name"": ""Isyaku Abdullahi"", ""email_verified"": true, ""phone_verified"": false, ""organisation_name"": ""Isyaku Abdullahi Education and Training""}",2026-09-02 21:16:00.787195+00
303a783c-e8ef-4859-a903-dd8d02d36806,ahqohinoyi@gmail.com,null,2026-09-03 05:29:57.193841+00,2026-09-03 05:30:23.700512+00,2026-09-03 05:29:57.287759+00,false,false,null,2026-09-03 05:33:10.786208+00,null,"{""provider"": ""email"", ""providers"": [""email""]}","{""sub"": ""303a783c-e8ef-4859-a903-dd8d02d36806"", ""email"": ""ahqohinoyi@gmail.com"", ""state"": ""Kogi"", ""full_name"": ""Abdulhayyu Obansa"", ""email_verified"": true, ""phone_verified"": false, ""organisation_name"": ""AHQ Ohinoyi Business Enterprises And Consultancy""}",2026-09-03 05:33:10.79659+00
bacc9b99-75e5-4eef-abc6-2f6b3a4fd1f8,info@nhubnigeria.ng,null,2026-09-03 11:03:05.176243+00,2026-09-03 11:05:00.740406+00,2026-09-03 11:03:05.271889+00,false,false,null,2026-09-30 13:50:39.155388+00,null,"{""provider"": ""email"", ""providers"": [""email""]}","{""sub"": ""bacc9b99-75e5-4eef-abc6-2f6b3a4fd1f8"", ""email"": ""info@nhubnigeria.ng"", ""state"": ""Plateau"", ""full_name"": ""Bashir Sheidu"", ""email_verified"": true, ""phone_verified"": false, ""organisation_name"": ""nHub Incubator & Accelerator""}",2026-10-06 09:41:29.926961+00
520416fe-71f8-49e9-8a9b-77e9e62a7c06,thinkhub03@yahoo.com,null,2026-09-03 13:14:40.050563+00,2026-09-03 13:35:24.41754+00,null,false,false,null,2026-09-03 17:23:42.035531+00,null,"{""provider"": ""email"", ""providers"": [""email""]}","{""sub"": ""520416fe-71f8-49e9-8a9b-77e9e62a7c06"", ""email"": ""thinkhub03@yahoo.com"", ""state"": ""Plateau"", ""full_name"": ""Rukayya Grace Umar "", ""email_verified"": true, ""phone_verified"": false, ""organisation_name"": ""Think hub creatives and digital hub""}",2026-09-04 15:24:08.311906+00
44d8822c-d58b-4167-b0cd-ae93be164ea4,nafisat.abubakar@jdlab.ng,null,2026-09-03 13:29:52.385918+00,2026-09-03 13:32:24.202202+00,2026-09-03 13:31:15.741187+00,false,false,null,2026-10-03 10:59:02.581005+00,null,"{""provider"": ""email"", ""providers"": [""email""]}","{""sub"": ""44d8822c-d58b-4167-b0cd-ae93be164ea4"", ""email"": ""nafisat.abubakar@jdlab.ng"", ""state"": ""Niger"", ""full_name"": ""Nafisat Abubakar Aguye"", ""email_verified"": true, ""phone_verified"": false, ""organisation_name"": ""Labspace By JD Lab""}",2026-10-03 10:59:02.599049+00
526705f8-2121-4da8-9c52-3aabda29a31f,mentorbox.ng@gmail.com,null,2026-09-03 17:00:44.671794+00,2026-09-03 17:00:57.739572+00,2026-09-03 17:00:44.734917+00,false,false,null,2026-09-10 19:31:11.352884+00,null,"{""provider"": ""email"", ""providers"": [""email""]}","{""sub"": ""526705f8-2121-4da8-9c52-3aabda29a31f"", ""email"": ""mentorbox.ng@gmail.com"", ""state"": ""Kogi"", ""full_name"": ""Eunice Emmanuel-Agada"", ""email_verified"": true, ""phone_verified"": false, ""organisation_name"": ""Mentor-Box Foundation ""}",2026-09-13 11:00:25.988829+00
f8b9da3f-e660-4ac3-ba13-8d1b38b1815d,programmes@wootlab.ng,null,2026-09-03 19:27:26.281992+00,2026-09-03 19:27:48.65203+00,null,false,false,null,2026-09-04 08:21:41.712513+00,null,"{""provider"": ""email"", ""providers"": [""email""]}","{""sub"": ""f8b9da3f-e660-4ac3-ba13-8d1b38b1815d"", ""email"": ""programmes@wootlab.ng"", ""state"": ""FCT"", ""full_name"": ""Goodnews Akwaowo"", ""email_verified"": true, ""phone_verified"": false, ""organisation_name"": ""Wootlab Foundation""}",2026-09-04 10:28:54.661897+00
4b11b949-1d91-49bf-900f-d7688a7c6ce0,salamitobimi@outlook.com,null,2026-09-03 21:10:11.063109+00,2026-09-03 21:16:43.435036+00,2026-09-03 21:10:11.13275+00,false,false,null,2026-09-30 08:02:00.946514+00,null,"{""provider"": ""email"", ""providers"": [""email""]}","{""sub"": ""4b11b949-1d91-49bf-900f-d7688a7c6ce0"", ""email"": ""salamitobimi@outlook.com"", ""state"": ""Benue"", ""full_name"": ""poly"", ""email_verified"": true, ""phone_verified"": false, ""organisation_name"": ""kunle""}",2026-09-30 10:57:45.963829+00
123c946b-cc54-441d-a388-9d2be83d60aa,emmanuel@emmanuelonugwu.com,null,2026-09-03 22:16:08.611455+00,2026-09-03 22:18:13.666595+00,2026-09-03 22:16:08.717533+00,false,false,null,2026-09-03 22:19:23.06879+00,null,"{""provider"": ""email"", ""providers"": [""email""]}","{""sub"": ""123c946b-cc54-441d-a388-9d2be83d60aa"", ""email"": ""emmanuel@emmanuelonugwu.com"", ""state"": ""FCT"", ""full_name"": ""Emmanuel Onugwu"", ""email_verified"": true, ""phone_verified"": false, ""organisation_name"": ""mac""}",2026-09-20 12:49:48.448341+00
27c42ce0-f1a3-4fcd-a031-b3c82f15db80,aicesa@aieducation.africa,null,2026-09-03 22:37:26.146762+00,2026-09-04 19:24:41.187138+00,2026-09-04 19:02:57.19859+00,false,false,null,2026-09-16 05:31:58.990385+00,null,"{""provider"": ""email"", ""providers"": [""email""]}","{""sub"": ""27c42ce0-f1a3-4fcd-a031-b3c82f15db80"", ""email"": ""aicesa@aieducation.africa"", ""state"": ""FCT"", ""full_name"": ""African Institute for Innovative computer Education and Skills Advancement "", ""email_verified"": true, ""phone_verified"": false, ""organisation_name"": ""AICESA AI""}",2026-09-18 21:30:08.506796+00
78def931-06f0-4380-b208-314f89a67737,kogiinnovationhub@gmail.com,null,2026-09-04 10:01:47.70639+00,2026-09-04 10:02:09.883269+00,2026-09-04 10:01:47.763867+00,false,false,null,2026-10-05 08:48:11.677883+00,null,"{""provider"": ""email"", ""providers"": [""email""]}","{""sub"": ""78def931-06f0-4380-b208-314f89a67737"", ""email"": ""kogiinnovationhub@gmail.com"", ""state"": ""Kogi"", ""full_name"": ""ItopaKing David"", ""email_verified"": true, ""phone_verified"": false, ""organisation_name"": ""Kogi Innovation Hub ""}",2026-10-06 10:42:23.761103+00
52ac0791-e6f9-401d-8d64-f37cae8cd7e8,frankirichi2022@gmail.com,null,2026-09-04 10:06:38.497314+00,2026-09-04 10:07:25.02264+00,2026-09-04 10:06:38.527573+00,false,false,null,2026-09-04 10:07:25.031055+00,null,"{""provider"": ""email"", ""providers"": [""email""]}","{""sub"": ""52ac0791-e6f9-401d-8d64-f37cae8cd7e8"", ""email"": ""frankirichi2022@gmail.com"", ""state"": ""Niger"", ""full_name"": ""Frank, Imo Imo "", ""email_verified"": true, ""phone_verified"": false, ""organisation_name"": ""Richi's Pastries ""}",2026-09-04 10:07:25.043259+00
1161bcf7-7519-42ed-8fac-6474374dc0dc,admin@csed.org.ng,null,2026-09-04 12:04:33.051226+00,2026-09-04 12:06:27.710646+00,2026-09-04 12:04:33.161733+00,false,false,null,2026-09-04 12:06:27.726238+00,null,"{""provider"": ""email"", ""providers"": [""email""]}","{""sub"": ""1161bcf7-7519-42ed-8fac-6474374dc0dc"", ""email"": ""admin@csed.org.ng"", ""state"": ""FCT"", ""full_name"": ""Izu Divine Freeman "", ""email_verified"": true, ""phone_verified"": false, ""organisation_name"": ""Center for Strategic Enterprise Development (CSED)""}",2026-09-05 08:31:40.223377+00
b392239e-ea40-4845-a0ae-00331bd4c192,info@codex.com.ng,null,2026-09-05 00:03:17.440853+00,2026-09-05 00:04:17.102091+00,null,false,false,null,2026-09-15 09:07:02.458615+00,null,"{""provider"": ""email"", ""providers"": [""email""]}","{""sub"": ""b392239e-ea40-4845-a0ae-00331bd4c192"", ""email"": ""info@codex.com.ng"", ""state"": ""Plateau"", ""full_name"": ""Emmanuel Ebimoh"", ""email_verified"": true, ""phone_verified"": false, ""organisation_name"": ""Codextel Limited""}",2026-09-15 12:04:17.031259+00
faad19fa-3e64-4f63-b360-cca0bde30b28,sam@toof.com,null,2026-09-05 09:23:57.849372+00,null,2026-09-05 09:23:57.920399+00,false,false,null,null,null,"{""provider"": ""email"", ""providers"": [""email""]}","{""sub"": ""faad19fa-3e64-4f63-b360-cca0bde30b28"", ""email"": ""sam@toof.com"", ""state"": ""FCT"", ""full_name"": ""Saltman Sam"", ""email_verified"": false, ""phone_verified"": false, ""organisation_name"": ""Toof LTD""}",2026-09-05 09:23:59.041113+00
d60d7548-c349-44f7-adb4-1127eef1f098,shadrachngutswen@gmail.com,null,2026-09-05 19:24:17.485653+00,2026-09-05 19:25:52.76899+00,2026-09-05 19:24:17.570707+00,false,false,null,2026-09-05 19:26:18.444727+00,null,"{""provider"": ""email"", ""providers"": [""email""]}","{""sub"": ""d60d7548-c349-44f7-adb4-1127eef1f098"", ""email"": ""shadrachngutswen@gmail.com"", ""state"": ""Benue"", ""full_name"": ""SUURSHATER NGUTSWEN"", ""email_verified"": true, ""phone_verified"": false, ""organisation_name"": ""FM 3 SEVIZ LIMITED""}",2026-09-11 01:47:59.19469+00
64a00dbc-4c53-4204-a59b-ec169b7c6c02,oladipoolayinka7@gmail.com,null,2026-09-05 22:19:36.613595+00,2026-09-05 22:20:11.525047+00,2026-09-05 22:19:36.695076+00,false,false,null,2026-09-07 11:19:50.161989+00,null,"{""provider"": ""email"", ""providers"": [""email""]}","{""sub"": ""64a00dbc-4c53-4204-a59b-ec169b7c6c02"", ""email"": ""oladipoolayinka7@gmail.com"", ""state"": ""Kwara"", ""full_name"": ""Oladipo Olayinka Ishola"", ""email_verified"": true, ""phone_verified"": false, ""organisation_name"": ""Yheancarh Inc""}",2026-09-11 11:08:33.156196+00
3b35e1e1-3c71-43bb-9e56-4345a8f92a51,hello@corestream.ng,null,2026-09-07 14:58:24.310638+00,2026-09-07 14:58:37.024917+00,2026-09-07 14:58:24.401236+00,false,false,null,2026-09-07 14:58:37.031955+00,null,"{""provider"": ""email"", ""providers"": [""email""]}","{""sub"": ""3b35e1e1-3c71-43bb-9e56-4345a8f92a51"", ""email"": ""hello@corestream.ng"", ""state"": ""Plateau"", ""full_name"": ""Ibrahim Akorede Jimoh"", ""email_verified"": true, ""phone_verified"": false, ""organisation_name"": ""Corestream Networks and Robotics Limimtes""}",2026-09-08 11:58:18.961809+00
f9d071e6-9615-458c-bd51-5531c7a76e96,kasuwaappng@gmail.com,null,2026-09-07 15:09:10.955852+00,2026-09-07 15:11:18.163574+00,2026-09-07 15:09:10.988659+00,false,false,null,2026-09-07 15:11:18.177127+00,null,"{""provider"": ""email"", ""providers"": [""email""]}","{""sub"": ""f9d071e6-9615-458c-bd51-5531c7a76e96"", ""email"": ""kasuwaappng@gmail.com"", ""state"": ""Plateau"", ""full_name"": ""Isa Usman Musa"", ""email_verified"": true, ""phone_verified"": false, ""organisation_name"": ""Kaswa Ng Enterprise""}",2026-09-07 15:11:18.190797+00
984fc179-7631-445d-b6b3-d22defe6de41,kopsongloballimited@gmail.com,null,2026-09-07 15:24:14.596607+00,2026-09-07 15:29:30.752376+00,2026-09-07 15:24:14.643486+00,false,false,null,2026-09-12 10:46:26.400498+00,null,"{""provider"": ""email"", ""providers"": [""email""]}","{""sub"": ""984fc179-7631-445d-b6b3-d22defe6de41"", ""email"": ""kopsongloballimited@gmail.com"", ""state"": ""Plateau"", ""full_name"": ""Mercy Sylvanus"", ""email_verified"": true, ""phone_verified"": false, ""organisation_name"": ""Kopson Global LIMITED""}",2026-09-12 10:46:26.409499+00
10c252df-1f1a-404d-bc51-019dbe21d179,longji@nhubnigeria.ng,null,2026-09-07 18:03:26.984264+00,2026-09-07 18:08:42.73647+00,2026-09-07 18:03:27.044301+00,false,false,null,2026-09-14 11:30:06.487219+00,null,"{""provider"": ""email"", ""providers"": [""email""]}","{""sub"": ""10c252df-1f1a-404d-bc51-019dbe21d179"", ""email"": ""longji@nhubnigeria.ng"", ""state"": ""Plateau"", ""full_name"": ""Theodore Longji "", ""email_verified"": true, ""phone_verified"": false, ""organisation_name"": ""nHub""}",2026-09-15 12:33:09.377791+00
7abfef71-b5be-47fb-bb1d-3cde7e8d88a9,yikanit442@fidhost.com,null,2026-09-08 10:27:07.874324+00,2026-09-08 10:27:28.261465+00,2026-09-08 10:27:07.928919+00,false,false,null,2026-09-08 10:27:28.270295+00,null,"{""provider"": ""email"", ""providers"": [""email""]}","{""sub"": ""7abfef71-b5be-47fb-bb1d-3cde7e8d88a9"", ""email"": ""yikanit442@fidhost.com"", ""state"": ""Nasarawa"", ""full_name"": ""Able Applicant"", ""email_verified"": true, ""phone_verified"": false, ""organisation_name"": ""ESO 101""}",2026-09-08 11:30:08.381547+00
71f29769-15b7-48ca-b7dc-5e60e1bf9a0e,cadgiscenter@gmail.com,null,2026-09-08 11:09:07.695585+00,2026-09-08 11:09:55.592011+00,2026-09-08 11:09:07.745267+00,false,false,null,2026-09-08 13:32:54.785961+00,null,"{""provider"": ""email"", ""providers"": [""email""]}","{""sub"": ""71f29769-15b7-48ca-b7dc-5e60e1bf9a0e"", ""email"": ""cadgiscenter@gmail.com"", ""state"": ""Benue"", ""full_name"": ""Sunday Agbo"", ""email_verified"": true, ""phone_verified"": false, ""organisation_name"": ""CAD & GIS LTD""}",2026-09-08 13:32:54.808494+00
88ef43b8-049b-468b-95e1-4ee6eb55cfb5,cadgistvet@gmail.com,null,2026-09-08 13:34:29.691285+00,2026-09-08 13:35:23.132015+00,2026-09-08 13:34:29.722837+00,false,false,null,2026-09-15 12:07:01.464238+00,null,"{""provider"": ""email"", ""providers"": [""email""]}","{""sub"": ""88ef43b8-049b-468b-95e1-4ee6eb55cfb5"", ""email"": ""cadgistvet@gmail.com"", ""state"": ""Niger"", ""full_name"": ""AGBO SUNDAY"", ""email_verified"": true, ""phone_verified"": false, ""organisation_name"": ""CAD & GIS LTD""}",2026-09-15 15:40:56.425751+00
65cf1974-b7cd-49d5-9706-39c9da907001,gideonedachesimon@gmail.com,null,2026-09-08 16:23:32.487901+00,2026-09-08 16:24:04.741693+00,2026-09-08 16:23:32.572282+00,false,false,null,2026-09-08 16:25:54.196604+00,null,"{""provider"": ""email"", ""providers"": [""email""]}","{""sub"": ""65cf1974-b7cd-49d5-9706-39c9da907001"", ""email"": ""gideonedachesimon@gmail.com"", ""state"": ""FCT"", ""full_name"": ""Gideon Simon Edache "", ""email_verified"": true, ""phone_verified"": false, ""organisation_name"": ""Wootlab ""}",2026-09-08 16:25:54.216655+00
84d3d68c-cf5e-4c4d-a921-a2014de17378,tdaser2@gmail.com,null,2026-09-09 13:50:38.267586+00,2026-09-09 13:51:04.48393+00,2026-09-09 13:50:38.342705+00,false,false,null,2026-09-09 13:51:04.490277+00,null,"{""provider"": ""email"", ""providers"": [""email""]}","{""sub"": ""84d3d68c-cf5e-4c4d-a921-a2014de17378"", ""email"": ""tdaser2@gmail.com"", ""state"": ""Plateau"", ""full_name"": ""Timbyen Daser"", ""email_verified"": true, ""phone_verified"": false, ""organisation_name"": ""Zujiret Enterprise ""}",2026-09-10 10:58:24.745927+00
04261bac-6a10-4d39-af73-2a0d1592cd3a,apluscomputertrainingtech@gmail.com.ng,null,2026-09-09 13:51:05.138077+00,null,2026-09-09 13:56:35.030561+00,false,false,null,null,null,"{""provider"": ""email"", ""providers"": [""email""]}","{""sub"": ""04261bac-6a10-4d39-af73-2a0d1592cd3a"", ""email"": ""apluscomputertrainingtech@gmail.com.ng"", ""state"": ""Plateau"", ""full_name"": ""Zhantim Zhakom"", ""email_verified"": false, ""phone_verified"": false, ""organisation_name"": ""A+ Computer Training Technology Limited""}",2026-09-09 13:56:36.126006+00
0a504f93-e7b7-4dda-8369-cffddeffac75,apluscomputertrainingtech@gmail.com,null,2026-09-09 13:59:56.26876+00,2026-09-09 14:00:19.728972+00,2026-09-09 13:59:56.299043+00,false,false,null,2026-09-11 07:26:22.122752+00,null,"{""provider"": ""email"", ""providers"": [""email""]}","{""sub"": ""0a504f93-e7b7-4dda-8369-cffddeffac75"", ""email"": ""apluscomputertrainingtech@gmail.com"", ""state"": ""Plateau"", ""full_name"": ""Zhantim Zhakom"", ""email_verified"": true, ""phone_verified"": false, ""organisation_name"": ""A+ Computer Training Technology Limited""}",2026-09-11 08:47:23.972655+00
005e1c4a-d80f-45d7-9376-ba5ff6290662,aisha@lalitah.com,null,2026-09-09 16:33:07.509868+00,2026-09-09 16:45:44.776224+00,2026-09-09 16:33:07.582981+00,false,false,null,2026-09-09 16:45:44.789727+00,null,"{""provider"": ""email"", ""providers"": [""email""]}","{""sub"": ""005e1c4a-d80f-45d7-9376-ba5ff6290662"", ""email"": ""aisha@lalitah.com"", ""state"": ""FCT"", ""full_name"": ""Aisha Abubakar"", ""email_verified"": true, ""phone_verified"": false, ""organisation_name"": ""Lalitah""}",2026-09-09 16:45:44.811639+00
0d6e1206-4884-4a1e-942d-5dca8e56390a,aishafalkee@gmail.com,null,2026-09-09 16:47:52.218792+00,2026-09-09 16:48:02.525939+00,2026-09-09 16:47:52.262847+00,false,false,null,2026-09-09 16:48:02.533034+00,null,"{""provider"": ""email"", ""providers"": [""email""]}","{""sub"": ""0d6e1206-4884-4a1e-942d-5dca8e56390a"", ""email"": ""aishafalkee@gmail.com"", ""state"": ""FCT"", ""full_name"": ""Aisha Abubakar "", ""email_verified"": true, ""phone_verified"": false, ""organisation_name"": ""Lalitah""}",2026-09-09 16:48:02.537938+00
57e460e5-5032-4a8a-bdc2-7511bc07fb17,toluwani@foundershub.xyz,null,2026-09-10 07:19:19.986917+00,2026-09-10 07:31:53.459009+00,2026-09-10 07:19:20.097409+00,false,false,null,2026-09-12 10:05:40.650654+00,null,"{""provider"": ""email"", ""providers"": [""email""]}","{""sub"": ""57e460e5-5032-4a8a-bdc2-7511bc07fb17"", ""email"": ""toluwani@foundershub.xyz"", ""state"": ""Kwara"", ""full_name"": ""Toluwani Ogundele"", ""email_verified"": true, ""phone_verified"": false, ""organisation_name"": ""Founders Hub Africa ""}",2026-09-21 12:04:52.830836+00
8a674ec7-567b-47ce-92df-75b28c2c4168,poyar59655@daugr.com,null,2026-09-10 15:22:26.822966+00,2026-09-10 15:22:47.110857+00,2026-09-10 15:22:26.925966+00,false,false,null,2026-09-10 15:22:47.121739+00,null,"{""provider"": ""email"", ""providers"": [""email""]}","{""sub"": ""8a674ec7-567b-47ce-92df-75b28c2c4168"", ""email"": ""poyar59655@daugr.com"", ""state"": ""Kogi"", ""full_name"": ""EsO_KOGI_state"", ""email_verified"": true, ""phone_verified"": false, ""organisation_name"": ""ESO-GUY""}",2026-09-10 20:06:33.749337+00
084a3149-1819-4858-84d9-bc75cd637f36,exec@opolo.global,null,2026-09-10 18:48:34.642995+00,2026-09-10 18:49:03.269672+00,2026-09-10 18:48:34.702282+00,false,false,null,2026-09-23 17:23:37.174832+00,null,"{""provider"": ""email"", ""providers"": [""email""]}","{""sub"": ""084a3149-1819-4858-84d9-bc75cd637f36"", ""email"": ""exec@opolo.global"", ""state"": ""Kwara"", ""full_name"": ""Benjamin Oladapo"", ""email_verified"": true, ""phone_verified"": false, ""organisation_name"": ""OPOLO Global  Innovation Limited""}",2026-09-26 20:26:12.825538+00
a7f200ac-82b9-4e65-8869-6201edc86b0b,exec@blackaccelerate.com,null,2026-09-10 18:57:37.721708+00,2026-09-10 18:57:53.983744+00,2026-09-10 18:57:37.753752+00,false,false,null,2026-09-23 17:19:54.078654+00,null,"{""provider"": ""email"", ""providers"": [""email""]}","{""sub"": ""a7f200ac-82b9-4e65-8869-6201edc86b0b"", ""email"": ""exec@blackaccelerate.com"", ""state"": ""Kogi"", ""full_name"": ""Kalejaiye Olufemi"", ""email_verified"": true, ""phone_verified"": false, ""organisation_name"": ""Black Accelerate""}",2026-09-23 18:18:40.324607+00
40007980-cadf-4827-ba04-7745a7849fad,bgfconsultltd@gmail.com,null,2026-09-11 07:45:14.988076+00,2026-09-11 07:45:58.76413+00,2026-09-11 07:45:15.060578+00,false,false,null,2026-09-15 13:50:58.167489+00,null,"{""provider"": ""email"", ""providers"": [""email""]}","{""sub"": ""40007980-cadf-4827-ba04-7745a7849fad"", ""email"": ""bgfconsultltd@gmail.com"", ""state"": ""Niger"", ""full_name"": ""ABDULLAHI SULEIMAN ERENA"", ""email_verified"": true, ""phone_verified"": false, ""organisation_name"": ""BUGBAFU CONSULT LTD""}",2026-09-15 17:44:48.997102+00
f579f6f1-281c-4d22-b00c-273719cbbb26,emordibridget442@gmail.com,null,2026-09-11 07:50:29.220846+00,2026-09-11 07:51:01.649675+00,2026-09-11 07:50:29.255465+00,false,false,null,2026-09-23 15:23:13.867397+00,null,"{""provider"": ""email"", ""providers"": [""email""]}","{""sub"": ""f579f6f1-281c-4d22-b00c-273719cbbb26"", ""email"": ""emordibridget442@gmail.com"", ""state"": ""Niger"", ""full_name"": ""Happiness Emordi"", ""email_verified"": true, ""phone_verified"": false, ""organisation_name"": ""Goodlab""}",2026-09-23 16:24:13.658326+00
0a801c3f-ab76-47e8-a412-23426305aa66,peter@blockfuselabs.com,null,2026-09-11 13:10:22.288279+00,2026-09-11 13:10:50.71645+00,2026-09-11 13:10:22.345454+00,false,false,null,2026-09-11 13:10:50.743857+00,null,"{""provider"": ""email"", ""providers"": [""email""]}","{""sub"": ""0a801c3f-ab76-47e8-a412-23426305aa66"", ""email"": ""peter@blockfuselabs.com"", ""state"": ""Plateau"", ""full_name"": ""PETER ADAAKU"", ""email_verified"": true, ""phone_verified"": false, ""organisation_name"": ""BLOCKFUSE LABS""}",2026-09-12 09:47:25.841186+00
5ab46231-753d-4e00-906a-4c0b1821ffca,apluscomputeritacademy@gmail.cm,null,2026-09-12 10:27:59.645291+00,null,2026-09-12 10:27:59.705494+00,false,false,null,null,null,"{""provider"": ""email"", ""providers"": [""email""]}","{""sub"": ""5ab46231-753d-4e00-906a-4c0b1821ffca"", ""email"": ""apluscomputeritacademy@gmail.cm"", ""state"": ""Plateau"", ""full_name"": ""Uzziah Ussaini Musa"", ""email_verified"": false, ""phone_verified"": false, ""organisation_name"": ""A+ Computer I.T Academy""}",2026-09-12 10:28:00.904901+00
2db5feda-ea4c-414f-8ad7-932c3b995361,apluscomputeritacademy@gmail.com,null,2026-09-12 11:22:02.449815+00,2026-09-12 11:22:11.938851+00,2026-09-12 11:22:02.51849+00,false,false,null,2026-09-12 11:22:11.945938+00,null,"{""provider"": ""email"", ""providers"": [""email""]}","{""sub"": ""2db5feda-ea4c-414f-8ad7-932c3b995361"", ""email"": ""apluscomputeritacademy@gmail.com"", ""state"": ""Plateau"", ""full_name"": ""Uzziah Ussaini Musa"", ""email_verified"": true, ""phone_verified"": false, ""organisation_name"": ""A+ Computer I.T Academy""}",2026-09-17 07:53:02.993591+00
48976295-240c-403a-a161-c521daaed85b,gracegeorge500@gmail.com,null,2026-09-12 13:38:20.324555+00,2026-09-12 13:39:06.056605+00,2026-09-12 13:38:20.374594+00,false,false,null,2026-09-28 02:27:55.874167+00,null,"{""provider"": ""email"", ""providers"": [""email""]}","{""sub"": ""48976295-240c-403a-a161-c521daaed85b"", ""email"": ""gracegeorge500@gmail.com"", ""state"": ""FCT"", ""full_name"": ""Grace George "", ""email_verified"": true, ""phone_verified"": false, ""organisation_name"": ""Engee Ecodesigns Limited ""}",2026-09-28 02:27:55.933452+00
dc4b5692-3b6b-4b1a-9fe6-64b3fa1f5a54,02innovationslab@gmail.com,null,2026-09-12 17:04:28.799123+00,2026-09-12 17:06:12.093256+00,2026-09-12 17:04:28.87348+00,false,false,null,2026-09-15 21:27:30.886102+00,null,"{""provider"": ""email"", ""providers"": [""email""]}","{""sub"": ""dc4b5692-3b6b-4b1a-9fe6-64b3fa1f5a54"", ""email"": ""02innovationslab@gmail.com"", ""state"": ""Nasarawa"", ""full_name"": ""Tasiu Kwaplong"", ""email_verified"": true, ""phone_verified"": false, ""organisation_name"": ""02 INNOVATION LAB ""}",2026-09-15 21:27:30.932181+00
3461ca1d-36ec-4a44-b9cc-be6136a07aeb,netkingsnigeria@gmail.com,null,2026-09-14 16:31:07.179889+00,2026-09-14 17:12:08.335559+00,2026-09-14 16:31:07.235204+00,false,false,null,2026-09-14 17:12:08.378463+00,null,"{""provider"": ""email"", ""providers"": [""email""]}","{""sub"": ""3461ca1d-36ec-4a44-b9cc-be6136a07aeb"", ""email"": ""netkingsnigeria@gmail.com"", ""state"": ""FCT"", ""full_name"": ""Onah charity "", ""email_verified"": true, ""phone_verified"": false, ""organisation_name"": ""Netkings Digital Connect Limited ""}",2026-09-14 17:12:08.420444+00
1fb7bfd2-71de-4e4f-884f-d090072a9ac7,jmetechnologyservices@gmail.com,null,2026-09-15 12:10:47.158684+00,2026-09-15 12:14:44.223989+00,2026-09-15 12:10:47.224861+00,false,false,null,2026-09-26 22:09:27.210286+00,null,"{""provider"": ""email"", ""providers"": [""email""]}","{""sub"": ""1fb7bfd2-71de-4e4f-884f-d090072a9ac7"", ""email"": ""jmetechnologyservices@gmail.com"", ""state"": ""Nasarawa"", ""full_name"": ""Engr James Umbugadu Enwongulu "", ""email_verified"": true, ""phone_verified"": false, ""organisation_name"": ""JME GENERAL ENGINEERING SERVICES LTD""}",2026-09-26 22:09:27.225361+00
8dd78066-df22-48ff-a890-ddbd108dcd20,jzever@gmail.com,null,2026-09-15 12:12:01.79286+00,2026-09-15 12:12:15.701509+00,2026-09-15 12:12:01.830284+00,false,false,null,2026-09-19 04:28:54.549894+00,null,"{""provider"": ""email"", ""providers"": [""email""]}","{""sub"": ""8dd78066-df22-48ff-a890-ddbd108dcd20"", ""email"": ""jzever@gmail.com"", ""state"": ""Benue"", ""full_name"": ""Sonter Julius Zever"", ""email_verified"": true, ""phone_verified"": false, ""organisation_name"": ""Zevsj Ltd""}",2026-09-19 04:28:54.565694+00
7f5bd244-6ed6-4fab-a5c4-a8d25fc2796b,info@glowingmindsinitiatives.org,null,2026-09-15 12:37:18.688397+00,2026-09-15 12:38:05.847781+00,2026-09-15 12:37:18.75481+00,false,false,null,2026-09-15 13:46:21.156764+00,null,"{""provider"": ""email"", ""providers"": [""email""]}","{""sub"": ""7f5bd244-6ed6-4fab-a5c4-a8d25fc2796b"", ""email"": ""info@glowingmindsinitiatives.org"", ""state"": ""Niger"", ""full_name"": ""Shamsudeen Abdulrazak"", ""email_verified"": true, ""phone_verified"": false, ""organisation_name"": ""Glowing Minds Initiatives""}",2026-09-19 14:36:22.458696+00
34fb5a2e-279a-4724-a4f9-317c1a162785,swyefngo@gmail.com,null,2026-09-15 12:53:02.406714+00,2026-09-15 12:53:18.586096+00,2026-09-15 12:53:02.481203+00,false,false,null,2026-09-15 12:53:18.637666+00,null,"{""provider"": ""email"", ""providers"": [""email""]}","{""sub"": ""34fb5a2e-279a-4724-a4f9-317c1a162785"", ""email"": ""swyefngo@gmail.com"", ""state"": ""Nasarawa"", ""full_name"": ""MARY ENWONGULU"", ""email_verified"": true, ""phone_verified"": false, ""organisation_name"": ""SHIELD FOR WOMEN AND YOUTH EMPOWERMENT FOUNDATION (SWYEF)""}",2026-09-15 12:53:18.725198+00
704d5fad-5261-48b8-9d2a-423fa06e917c,orkumahembe@gmail.com,null,2026-09-15 13:46:40.712137+00,2026-09-15 13:47:01.082781+00,2026-09-15 13:46:40.755601+00,false,false,null,2026-10-05 12:30:08.065934+00,null,"{""provider"": ""email"", ""providers"": [""email""]}","{""sub"": ""704d5fad-5261-48b8-9d2a-423fa06e917c"", ""email"": ""orkumahembe@gmail.com"", ""state"": ""Benue"", ""full_name"": ""Orkuma Hembe"", ""email_verified"": true, ""phone_verified"": false, ""organisation_name"": ""Gogetit Investments Limited""}",2026-10-05 12:30:08.086716+00
f3611440-62cd-4c27-bef4-77705331d06d,oryimangabriel29@gmail.com,null,2026-09-15 13:47:08.529738+00,2026-09-15 13:47:48.420873+00,2026-09-15 13:47:08.538354+00,false,false,null,2026-09-30 15:01:13.649021+00,null,"{""provider"": ""email"", ""providers"": [""email""]}","{""sub"": ""f3611440-62cd-4c27-bef4-77705331d06d"", ""email"": ""oryimangabriel29@gmail.com"", ""state"": ""Benue"", ""full_name"": ""Terseer Gabriel Oryiman"", ""email_verified"": true, ""phone_verified"": false, ""organisation_name"": ""BSU Consultancy Services Limited""}",2026-09-30 15:01:13.673101+00
43ce159a-184e-46a9-b5c7-fd6a31a4ddb4,ayakamark@yahoo.com,null,2026-09-15 14:47:55.721328+00,null,2026-09-15 14:47:55.774928+00,false,false,null,null,null,"{""provider"": ""email"", ""providers"": [""email""]}","{""sub"": ""43ce159a-184e-46a9-b5c7-fd6a31a4ddb4"", ""email"": ""ayakamark@yahoo.com"", ""state"": ""Benue"", ""full_name"": ""MARK VAREM IORTYOM"", ""email_verified"": false, ""phone_verified"": false, ""organisation_name"": ""BSU CONSULTANCY SERVICES LTD ""}",2026-09-15 14:47:57.307921+00
a4947a4f-9a11-4aa0-acbc-15068acfa6c4,aikperokhahub@gmail.com,null,2026-09-15 22:21:41.938277+00,2026-09-15 22:28:25.884235+00,2026-09-15 22:21:42.008846+00,false,false,null,2026-09-15 22:58:33.318+00,null,"{""provider"": ""email"", ""providers"": [""email""]}","{""sub"": ""a4947a4f-9a11-4aa0-acbc-15068acfa6c4"", ""email"": ""aikperokhahub@gmail.com"", ""state"": ""Kogi"", ""full_name"": ""THOMPSON AIKPEROKHA ABIOLA"", ""email_verified"": true, ""phone_verified"": false, ""organisation_name"": ""AIKPEROKHA INNOVATION HUB LTD""}",2026-09-16 03:25:40.66208+00
184482bb-620a-4713-8be1-591c939af66c,haniorj@gmail.com,null,2026-09-15 22:47:40.736311+00,2026-09-15 22:48:25.371881+00,2026-09-15 22:47:40.776536+00,false,false,null,2026-09-15 22:48:25.383212+00,null,"{""provider"": ""email"", ""providers"": [""email""]}","{""sub"": ""184482bb-620a-4713-8be1-591c939af66c"", ""email"": ""haniorj@gmail.com"", ""state"": ""Benue"", ""full_name"": ""David Simon"", ""email_verified"": true, ""phone_verified"": false, ""organisation_name"": ""Skillset Hub""}",2026-09-15 22:48:25.397707+00
87aede7a-68c8-4304-a8eb-214ad6af7ad9,ugochionah8363@gmail.com,null,2026-09-16 10:58:27.120703+00,2026-09-16 10:59:07.3751+00,2026-09-16 10:58:27.196391+00,false,false,null,2026-09-18 21:49:33.849493+00,null,"{""provider"": ""email"", ""providers"": [""email""]}","{""sub"": ""87aede7a-68c8-4304-a8eb-214ad6af7ad9"", ""email"": ""ugochionah8363@gmail.com"", ""state"": ""FCT"", ""full_name"": ""Onah charity "", ""email_verified"": true, ""phone_verified"": false, ""organisation_name"": ""netkingsnigeria@gmail.com""}",2026-09-18 21:49:33.865638+00
ffa5236d-dbfc-4cbd-bf33-33a756bcfe1f,blucubeinternational@gmail.com,null,2026-09-16 11:30:57.726137+00,2026-09-16 11:31:18.235372+00,2026-09-16 11:30:57.786854+00,false,false,null,2026-10-02 10:11:21.643729+00,null,"{""provider"": ""email"", ""providers"": [""email""]}","{""sub"": ""ffa5236d-dbfc-4cbd-bf33-33a756bcfe1f"", ""email"": ""blucubeinternational@gmail.com"", ""state"": ""Plateau"", ""full_name"": ""Samuel Adebayo"", ""email_verified"": true, ""phone_verified"": false, ""organisation_name"": ""blucube International ltd""}",2026-10-02 10:11:21.660631+00
c36822bf-f748-4886-b7ff-064583cc4a02,13thsnipers@gmail.com,null,2026-09-19 15:10:00.601148+00,2026-09-19 16:01:09.158318+00,2026-09-19 15:10:00.686341+00,false,false,null,2026-09-19 16:06:57.540728+00,null,"{""provider"": ""email"", ""providers"": [""email""]}","{""sub"": ""c36822bf-f748-4886-b7ff-064583cc4a02"", ""email"": ""13thsnipers@gmail.com"", ""state"": ""Benue"", ""full_name"": ""IORDYE BENJAMIN BEMSHIMA"", ""email_verified"": true, ""phone_verified"": false, ""organisation_name"": ""13TH SNIPERS SOLUTIONS NIG LTD""}",2026-09-19 16:06:57.558038+00
6e61c535-20a5-4371-affc-1e5126c40bce,aromzy22@gmail.com,null,2026-09-22 15:30:32.44936+00,2026-09-22 15:30:55.588962+00,2026-09-22 15:30:32.555203+00,false,false,null,2026-09-22 15:30:55.603188+00,null,"{""provider"": ""email"", ""providers"": [""email""]}","{""sub"": ""6e61c535-20a5-4371-affc-1e5126c40bce"", ""email"": ""aromzy22@gmail.com"", ""state"": ""FCT"", ""full_name"": ""Akagwu Arome Fredrick "", ""email_verified"": true, ""phone_verified"": false, ""organisation_name"": ""Aroo""}",2026-09-22 15:30:55.653377+00
5c191834-b34b-45d5-93e4-cabd73f9e641,hubseventeen@gmail.com,null,2026-09-23 10:34:42.548227+00,null,2026-09-23 10:37:36.199687+00,false,false,null,null,null,"{""provider"": ""email"", ""providers"": [""email""]}","{""sub"": ""5c191834-b34b-45d5-93e4-cabd73f9e641"", ""email"": ""hubseventeen@gmail.com"", ""state"": ""Benue"", ""full_name"": ""Akpem Shadrach Terese"", ""email_verified"": false, ""phone_verified"": false, ""organisation_name"": ""Hub 17 Innovation Space""}",2026-09-23 10:37:37.2319+00
8ac7c95f-4d61-4c45-91b3-f722e3d2f04f,hr@ojindo.com,null,2026-09-24 11:33:10.004929+00,2026-09-24 11:34:10.0441+00,2026-09-24 11:33:10.067454+00,false,false,null,2026-09-29 14:01:45.554091+00,null,"{""provider"": ""email"", ""providers"": [""email""]}","{""sub"": ""8ac7c95f-4d61-4c45-91b3-f722e3d2f04f"", ""email"": ""hr@ojindo.com"", ""state"": ""Kogi"", ""full_name"": ""salt"", ""email_verified"": true, ""phone_verified"": false, ""organisation_name"": ""ojindo""}",2026-09-29 14:01:45.591328+00
edd1d3d9-603d-49bf-ba46-1fb290f15b62,celestina.wootlab@gmail.com,null,2026-09-25 08:50:20.197124+00,2026-09-25 08:51:12.546333+00,2026-09-25 08:50:20.279016+00,false,false,null,2026-09-25 08:51:52.790505+00,null,"{""provider"": ""email"", ""providers"": [""email""]}","{""sub"": ""edd1d3d9-603d-49bf-ba46-1fb290f15b62"", ""email"": ""celestina.wootlab@gmail.com"", ""state"": ""FCT"", ""full_name"": ""TEMITAYO ORILOYE"", ""email_verified"": true, ""phone_verified"": false, ""organisation_name"": ""Mide Glamour""}",2026-09-25 10:32:37.23578+00
feab08f1-0b96-4cd5-a333-2c7b75d37c98,adebola.oladipo@iih.ng,null,2026-09-29 08:41:58.409602+00,2026-09-29 08:42:33.226043+00,2026-09-29 08:41:58.477791+00,false,false,null,2026-10-05 07:22:02.307074+00,null,"{""provider"": ""email"", ""providers"": [""email""]}","{""sub"": ""feab08f1-0b96-4cd5-a333-2c7b75d37c98"", ""email"": ""adebola.oladipo@iih.ng"", ""state"": ""Kwara"", ""full_name"": ""Adebola Oladipo"", ""email_verified"": true, ""phone_verified"": false, ""organisation_name"": ""Ilorin Innovation Hub ""}",2026-10-05 07:22:02.373567+00
